Insert into horario values
(1,'Mañana','7/2/2018 10:00','7/2/2018 20:00'),
(2,'Noche','7/2/2018 10:00','7/2/2018 20:00'),
(3,'Noche','7/2/2018 10:00','7/2/2018 20:00'),
(4,'Mañana','7/2/2018 10:00','7/2/2018 20:00'),
(5,'Mañana','7/2/2018 10:00','7/2/2018 20:00'),
(6,'Mañana','7/2/2018 10:00','7/2/2018 19:00'),
(7,'Noche','7/2/2018 10:00','7/2/2018 20:00'),
(8,'Mañana','7/2/2018 10:00','7/2/2018 20:00'),
(9,'Mañana','7/2/2018 10:00','7/2/2018 20:00'),
(10,'Mañana','7/2/2018 10:00','7/2/2018 19:00');

Insert into asistencia values 
(1,'7/2/2018 10:00','7/2/2018 20:00',1,23014010),
(2,'7/2/2018 10:00','7/2/2018 20:00',2,23014009),
(3,'7/2/2018 10:00','7/2/2018 20:00',3,23014008),
(4,'7/2/2018 10:00','7/2/2018 20:00',4,23014007),
(5,'7/2/2018 10:00','7/2/2018 20:00',5,23014006),
(6,'7/2/2018 10:00','7/2/2018 19:00',6,23014005),
(7,'7/2/2018 10:00','7/2/2018 20:00',7,23014004),
(8,'7/2/2018 10:00','7/2/2018 20:00',8,23014003),
(9,'7/2/2018 10:00','7/2/2018 20:00',9,23014002),
(10,'7/2/2018 10:00','7/2/2018 19:00',10,23014001);
(11,'7/2/2018 10:00','7/2/2018 19:00',1,23014011);

insert into departamento(d_numero,d_funcion,d_tipo) values 
	(1, 'Recibir venta y procesarla', 'venta'),
	(2, 'Entregar la compra', 'entrega'),
	(3, 'Mandar compra y procesarla', 'despacho'),
	(4, 'Recibir pedido y procesarlo', 'pedido');

insert into empleado(E_ci,E_nacionalidad,E_especialidad,E_fecha_ingreso,FK_salario,FK_tienda,E_nombre, E_apellido, Fk_departamento) values
	(23014000,'V','Gerente','2008/11/25',5,1,'Jose','Barrientos',1),--1
	(23014001,'V','Gerente','2009/05/21',5,2,'Jesus','Navas',2),--2
	(23014002,'E','Gerente','2010/03/08',5,3,'Pedro','Pacheco',1),--3
	(23014003,'V','Gerente','2011/01/11',5,4,'Manuel','Diaz',3),--4
	(23014004,'V','Gerente','2012/03/07',5,5,'Luis','Veroes',4),--5
	(23014005,'V','Gerente','2013/01/21',5,6,'Neider','Mendoza',1),--6
	(23014006,'V','Gerente','2014/02/01',5,7,'Maria','Mendoza',1),--7
	(23014007,'V','Gerente','2015/03/18',5,8,'Jorge','Viloria',2),--8
	(23014008,'V','Gerente','2005/02/21',5,9,'Miguel','Ordoñez',3),--9
	(23014009,'V','Gerente','2015/08/16',5,10,'Miguel','Perez',4),--10
	(23014010,'V','Gerente','2013/04/10',5,11,'Daniela','Diaz',4),--11
	(23014011,'V','Gerente','2009/07/11',5,12,'Luisa','Oropeza',3),--12
	(23014012,'V','Gerente','2014/03/03',5,13,'Jesus','Cadiz',2),--13
	(23014013,'E','Repartidor','2015/08/16',2,14,'Daniel','Guevara',1),--14
	(23014014,'E','Repartidor','2012/01/03',2,15,'Juan','Gonzales',2),--15
	(23014015,'E','Repartidor','2012/01/03',3,16,'Loise','Perez',3),--16
	(23014016,'E','Repartidor','2011/01/03',2,17,'Angel','Hidalgo',4),--17
	(23014017,'V','Asistencia','2017/01/05',1,18,'Angel','Rivera',2),--18
	(23014018,'V','Asistencia','2016/03/16',1,19,'Susana','Fariñez',1),--19
	(23014019,'V','Asistencia','2015/05/15',2,20,'Juan','Arango',2),--20
	(23014020,'V','Asistencia','2013/03/13',3,21,'Lionel','Messi',3),--21
	(23014021,'V','Asistencia','2018/08/23',4,23,'Jose','Pacheco',2),--22
	(23014022,'V','Asistencia','2018/04/05',3,23,'Manuel','Hernandez',1),--23
	(23014023,'V','Asistencia','2010/07/07',1,24,'Pacheco','Blanco',2);--24
	


insert into empleado(E_ci,E_nacionalidad,E_especialidad,E_fecha_ingreso,FK_salario,FK_tienda, Fk_departamento) values
	(22014024,'V','Asistencia','2016/03/16',1,25),--25
	(22014025,'V','Asistencia','2011/01/11',4,26),--26
	(22014026,'V','Asistencia','2017/02/16',3,27),--27
	(22014027,'V','Asistencia','2018/03/15',3,28),--28
	(22014028,'V','Asistencia','2013/05/10',2,29),--29
	(22014029,'V','Asistencia','2011/05/12',3,30),--30
	(22014030,'V','Asistencia','2006/02/12',5,31),--31
	(22014031,'V','Asistencia','2007/07/04',3,32),--32
	(22014032,'V','Asistencia','2009/09/09',4,33),--33
	(22014033,'V','Asistencia','2003/03/12',5,34),--34
	(22014034,'E','Seguridad','2003/03/12',4,35),--35
	(22014035,'E','Seguridad','2005/05/15',4,36),--36
	(22014036,'E','Seguridad','2006/06/16',3,37),--37
	(22014037,'E','Seguridad','2007/08/16',3,38),--38
	(22014038,'E','Seguridad','2010/06/16',3,39),--39
	(22014039,'E','Seguridad','2013/06/13',3,40),--40
	(22014040,'E','Seguridad','2012/02/13',3,41),--41
	(22014042,'V','Seguridad','2011/11/23',3,1),--43
	(22014043,'V','Seguridad','2010/10/23',3,2),--44
	(22014044,'V','Seguridad','2012/12/25',3,3),--45
	(22014045,'V','Seguridad','2011/11/15',3,4),--46
	(22014046,'V','Seguridad','2008/10/03',3,5),--47
	(22014047,'V','Seguridad','2006/01/25',3,6),--48
	(22014048,'V','Seguridad','2012/12/20',3,7),--49
	(22014049,'V','Seguridad','2014/08/22',3,8),--50
	(22014050,'V','Seguridad','2011/03/12',3,9),--51
	(22014051,'V','Seguridad','2009/09/30',3,10),--52
	(22014052,'V','Seguridad','2008/08/28',3,11),--53
	(22014053,'V','Asistencia','2009/09/30',3,12),--54
	(22014054,'V','Asistencia','2007/08/16',3,13),--55
	(22014055,'V','Asistencia','2010/09/22',3,14),--56
	(22014056,'V','Asistencia','2013/05/08',3,15),--57
	(22014057,'V','Asistencia','2004/09/01',4,16),--58
	(22014058,'V','Asistencia','2010/10/30',3,17),--59
	(22014059,'V','Asistencia','2013/07/27',2,18),--60
	(22014060,'V','Asistencia','2009/07/25',2,19),--61
	(22014061,'V','Asistencia','2012/12/01',4,20),--62
	(22014062,'V','Asistencia','2015/10/02',5,21),--63
	(22014063,'V','Asistencia','2014/11/03',3,22),--64
	(22014064,'V','Asistencia','2015/12/20',4,23),--65
	(22014065,'V','Asistencia','2012/08/09',3,24),--66
	(22014066,'V','Asistencia','2013/09/09',4,25),--67
	(22014067,'V','Asistencia','2012/08/09',3,26),--68
	(22014068,'V','Asistencia','2010/11/09',1,27),--69
	(22014069,'V','Asistencia','2011/12/04',1,28),--70
	(22014070,'V','Asistencia','2005/01/25',3,29),--71
	(22014071,'V','Asistencia','2006/02/26',3,30),--72
	(22014072,'V','Asistencia','2007/06/29',3,31),--73
	(22014073,'V','Asistencia','2011/08/02',4,32),--74
	(22014074,'V','Asistencia','2007/08/21',3,33),--75
	(22014075,'V','Asistencia','2009/01/09',3,34),--76
	(22014076,'V','Asistencia','2010/10/10',3,35),--77
	(22014077,'V','Asistencia','2011/05/18',3,36),--78
	(22014078,'V','Asistencia','2013/02/08',3,37),--79
	(22014079,'V','Asistencia','2014/03/10',1,38),--80
	(22014080,'V','Asistencia','2015/04/11',2,39),--81
	(22014081,'V','Asistencia','2016/05/12',3,40),--82
	(22014082,'V','Asistencia','2017/06/13',4,41);--83