-- INSERT DE LUGAR

insert into Lugar (l_cod, l_nombre, l_tipo) values
(1601, 'Amazonas', 'Estado'),
(1602, 'Anzoátegui', 'Estado'),
(1603, 'Apure', 'Estado'),
(1604, 'Aragua', 'Estado'),
(1605, 'Barinas', 'Estado'),
(1606, 'Bolívar', 'Estado'),
(1607, 'Carabobo', 'Estado'),
(1608, 'Cojedes', 'Estado'),
(1609, 'Delta Amacuro', 'Estado'),
(1610, 'Falcón', 'Estado'),
(1611, 'Guárico', 'Estado'),
(1612, 'Lara', 'Estado'),
(1613, 'Mérida', 'Estado'),
(1614, 'Miranda', 'Estado'),
(1615, 'Monagas', 'Estado'),
(1616, 'Nueva Esparta', 'Estado'),
(1617, 'Portuguesa', 'Estado'),
(1618, 'Sucre', 'Estado'),
(1619, 'Táchira', 'Estado'),
(1620, 'Trujillo', 'Estado'),
(1621, 'Vargas', 'Estado'),
(1622, 'Yaracuy', 'Estado'),
(1623, 'Zulia', 'Estado'),
(1624, 'Distrito Capital', 'Estado'),
(1625, 'Dependencias Federales', 'Estado');


insert into Lugar (l_cod,fk_Lugar, l_tipo,l_nombre) values
(1,1601,  'Municipio','Alto Orinoco'),
(2,1601,  'Municipio','Atabapo'),
(3,1601,  'Municipio','Atures'),
(4,1601,  'Municipio','Autana'),
(5,1601,  'Municipio','Manapiare'),
(6,1601,  'Municipio','Maroa'),
(7,1601,  'Municipio','Río Negro'),
(8,1602,  'Municipio','Anaco'),
(9,1602,  'Municipio','Aragua'),
(10,1602, 'Municipio', 'Manuel Ezequiel Bruzual'),
(11,1602, 'Municipio', 'Diego Bautista Urbaneja'),
(12,1602, 'Municipio', 'Fernando Peñalver'),
(13,1602, 'Municipio', 'Francisco Del Carmen Carvajal'),
(14,1602, 'Municipio', 'General Sir Arthur McGregor'),
(15,1602, 'Municipio', 'Guanta'),
(16,1602, 'Municipio', 'Independencia'),
(17,1602, 'Municipio', 'José Gregorio Monagas'),
(18,1602, 'Municipio', 'Juan Antonio Sotillo'),
(19,1602, 'Municipio', 'Juan Manuel Cajigal'),
(20,1602, 'Municipio', 'Libertad'),
(21,1602, 'Municipio', 'Francisco de Miranda'),
(22,1602, 'Municipio', 'Pedro María Freites'),
(23,1602, 'Municipio', 'Píritu'),
(24,1602, 'Municipio', 'San José de Guanipa'),
(25,1602, 'Municipio', 'San Juan de Capistrano'),
(26,1602, 'Municipio', 'Santa Ana'),
(27,1602, 'Municipio', 'Simón Bolívar'),
(28,1602, 'Municipio', 'Simón Rodríguez'),
(29,1603, 'Municipio', 'Achaguas'),
(30,1603, 'Municipio', 'Biruaca'),
(31,1603, 'Municipio', 'Muñóz'),
(32,1603, 'Municipio', 'Páez'),
(33,1603, 'Municipio', 'Pedro Camejo'),
(34,1603, 'Municipio', 'Rómulo Gallegos'),
(35,1603, 'Municipio', 'San Fernando'),
(36,1604, 'Municipio', 'Atanasio Girardot'),
(37,1604, 'Municipio', 'Bolívar'),
(38,1604, 'Municipio', 'Camatagua'),
(39,1604, 'Municipio', 'Francisco Linares Alcántara'),
(40,1604, 'Municipio', 'José Ángel Lamas'),
(41,1604, 'Municipio', 'José Félix Ribas'),
(42,1604, 'Municipio', 'José Rafael Revenga'),
(43,1604, 'Municipio', 'Libertador'),
(44,1604, 'Municipio', 'Mario Briceño Iragorry'),
(45,1604, 'Municipio', 'Ocumare de la Costa de Oro'),
(46,1604, 'Municipio', 'San Casimiro'),
(47,1604, 'Municipio', 'San Sebastián'),
(48,1604, 'Municipio', 'Santiago Mariño'),
(49,1604, 'Municipio', 'Santos Michelena'),
(50,1604, 'Municipio', 'Sucre'),
(51,1604, 'Municipio', 'Tovar'),
(52,1604, 'Municipio', 'Urdaneta'),
(53,1604, 'Municipio', 'Zamora'),
(54,1605, 'Municipio', 'Alberto Arvelo Torrealba'),
(55,1605, 'Municipio', 'Andrés Eloy Blanco'),
(56,1605, 'Municipio', 'Antonio José de Sucre'),
(57,1605, 'Municipio', 'Arismendi'),
(58,1605, 'Municipio', 'Barinas'),
(59,1605, 'Municipio', 'Bolívar'),
(60,1605, 'Municipio', 'Cruz Paredes'),
(61,1605, 'Municipio', 'Ezequiel Zamora'),
(62,1605, 'Municipio', 'Obispos'),
(63,1605, 'Municipio', 'Pedraza'),
(64,1605, 'Municipio', 'Rojas'),
(65,1605, 'Municipio', 'Sosa'),
(66,1606, 'Municipio', 'Caroní'),
(67,1606, 'Municipio', 'Cedeño'),
(68,1606, 'Municipio', 'El Callao'),
(69,1606, 'Municipio', 'Gran Sabana'),
(70,1606, 'Municipio', 'Heres'),
(71,1606, 'Municipio', 'Piar'),
(72,1606, 'Municipio', 'Angostura (Raúl Leoni)'),
(73,1606, 'Municipio', 'Roscio'),
(74,1606, 'Municipio', 'Sifontes'),
(75,1606, 'Municipio', 'Sucre'),
(76,1606, 'Municipio', 'Padre Pedro Chien'),
(77,1607, 'Municipio', 'Bejuma'),
(78,1607, 'Municipio', 'Carlos Arvelo'),
(79,1607, 'Municipio', 'Diego Ibarra'),
(80,1607, 'Municipio', 'Guacara'),
(81,1607, 'Municipio', 'Juan José Mora'),
(82,1607, 'Municipio', 'Libertador'),
(83,1607, 'Municipio', 'Los Guayos'),
(84,1607, 'Municipio', 'Miranda'),
(85,1607, 'Municipio', 'Montalbán'),
(86,1607, 'Municipio', 'Naguanagua'),
(87,1607, 'Municipio', 'Puerto Cabello'),
(88,1607, 'Municipio', 'San Diego'),
(89,1607, 'Municipio', 'San Joaquín'),
(90,1607, 'Municipio', 'Valencia'),
(91,1608, 'Municipio', 'Anzoátegui'),
(92,1608, 'Municipio', 'Tinaquillo'),
(93,1608, 'Municipio', 'Girardot'),
(94,1608, 'Municipio', 'Lima Blanco'),
(95,1608, 'Municipio', 'Pao de San Juan Bautista'),
(96,1608, 'Municipio', 'Ricaurte'),
(97,1608, 'Municipio', 'Rómulo Gallegos'),
(98,1608, 'Municipio', 'San Carlos'),
(99,1608, 'Municipio', 'Tinaco'),
(100,1609, 'Municipio', 'Antonio Díaz'),
(101,1609, 'Municipio', 'Casacoima'),
(102,1609, 'Municipio', 'Pedernales'),
(103,1609, 'Municipio', 'Tucupita'),
(104,1610, 'Municipio', 'Acosta'),
(105,1610, 'Municipio', 'Bolívar'),
(106,1610, 'Municipio', 'Buchivacoa'),
(107,1610, 'Municipio', 'Cacique Manaure'),
(108,1610, 'Municipio', 'Carirubana'),
(109,1610, 'Municipio', 'Colina'),
(110,1610, 'Municipio', 'Dabajuro'),
(111,1610, 'Municipio', 'Democracia'),
(112,1610, 'Municipio', 'Falcón'),
(113,1610, 'Municipio', 'Federación'),
(114,1610, 'Municipio', 'Jacura'),
(115,1610, 'Municipio', 'José Laurencio Silva'),
(116,1610, 'Municipio', 'Los Taques'),
(117,1610, 'Municipio', 'Mauroa'),
(118,1610, 'Municipio', 'Miranda'),
(119,1610, 'Municipio', 'Monseñor Iturriza'),
(120,1610, 'Municipio', 'Palmasola'),
(121,1610, 'Municipio', 'Petit'),
(122,1610, 'Municipio', 'Píritu'),
(123,1610, 'Municipio', 'San Francisco'),
(124,1610, 'Municipio', 'Sucre'),
(125,1610, 'Municipio', 'Tocópero'),
(126,1610, 'Municipio', 'Unión'),
(127,1610, 'Municipio', 'Urumaco'),
(128,1610, 'Municipio', 'Zamora'),
(129,1611, 'Municipio', 'Camaguán'),
(130,1611, 'Municipio', 'Chaguaramas'),
(131,1611, 'Municipio', 'El Socorro'),
(132,1611, 'Municipio', 'José Félix Ribas'),
(133,1611, 'Municipio', 'José Tadeo Monagas'),
(134,1611, 'Municipio', 'Juan Germán Roscio'),
(135,1611, 'Municipio', 'Julián Mellado'),
(136,1611, 'Municipio', 'Las Mercedes'),
(137,1611, 'Municipio', 'Leonardo Infante'),
(138,1611, 'Municipio', 'Pedro Zaraza'),
(139,1611, 'Municipio', 'Ortíz'),
(140,1611, 'Municipio', 'San Gerónimo de Guayabal'),
(141,1611, 'Municipio', 'San José de Guaribe'),
(142,1611, 'Municipio', 'Santa María de Ipire'),
(143,1611, 'Municipio', 'Sebastián Francisco de Miranda'),
(144,1612, 'Municipio', 'Andrés Eloy Blanco'),
(145,1612, 'Municipio', 'Crespo'),
(146,1612, 'Municipio', 'Iribarren'),
(147,1612, 'Municipio', 'Jiménez'),
(148,1612, 'Municipio', 'Morán'),
(149,1612, 'Municipio', 'Palavecino'),
(150,1612, 'Municipio', 'Simón Planas'),
(151,1612, 'Municipio', 'Torres'),
(152,1612, 'Municipio', 'Urdaneta'),
(179,1613, 'Municipio', 'Alberto Adriani'),
(180,1613, 'Municipio', 'Andrés Bello'),
(181,1613, 'Municipio', 'Antonio Pinto Salinas'),
(182,1613, 'Municipio', 'Aricagua'),
(183,1613, 'Municipio', 'Arzobispo Chacón'),
(184,1613, 'Municipio', 'Campo Elías'),
(185,1613, 'Municipio', 'Caracciolo Parra Olmedo'),
(186,1613, 'Municipio', 'Cardenal Quintero'),
(187,1613, 'Municipio', 'Guaraque'),
(188,1613, 'Municipio', 'Julio César Salas'),
(189,1613, 'Municipio', 'Justo Briceño'),
(190,1613, 'Municipio', 'Libertador'),
(191,1613, 'Municipio', 'Miranda'),
(192,1613, 'Municipio', 'Obispo Ramos de Lora'),
(193,1613, 'Municipio', 'Padre Noguera'),
(194,1613, 'Municipio', 'Pueblo Llano'),
(195,1613, 'Municipio', 'Rangel'),
(196,1613, 'Municipio', 'Rivas Dávila'),
(197,1613, 'Municipio', 'Santos Marquina'),
(198,1613, 'Municipio', 'Sucre'),
(199,1613, 'Municipio', 'Tovar'),
(200,1613, 'Municipio', 'Tulio Febres Cordero'),
(201,1613, 'Municipio', 'Zea'),
(223,1614, 'Municipio', 'Acevedo'),
(224,1614, 'Municipio', 'Andrés Bello'),
(225,1614, 'Municipio', 'Baruta'),
(226,1614, 'Municipio', 'Brión'),
(227,1614, 'Municipio', 'Buroz'),
(228,1614, 'Municipio', 'Carrizal'),
(229,1614, 'Municipio', 'Chacao'),
(230,1614, 'Municipio', 'Cristóbal Rojas'),
(231,1614, 'Municipio', 'El Hatillo'),
(232,1614, 'Municipio', 'Guaicaipuro'),
(233,1614, 'Municipio', 'Independencia'),
(234,1614, 'Municipio', 'Lander'),
(235,1614, 'Municipio', 'Los Salias'),
(236,1614, 'Municipio', 'Páez'),
(237,1614, 'Municipio', 'Paz Castillo'),
(238,1614, 'Municipio', 'Pedro Gual'),
(239,1614, 'Municipio', 'Plaza'),
(240,1614, 'Municipio', 'Simón Bolívar'),
(241,1614, 'Municipio', 'Sucre'),
(242,1614, 'Municipio', 'Urdaneta'),
(243,1614, 'Municipio', 'Zamora'),
(258,1615, 'Municipio', 'Acosta'),
(259,1615, 'Municipio', 'Aguasay'),
(260,1615, 'Municipio', 'Bolívar'),
(261,1615, 'Municipio', 'Caripe'),
(262,1615, 'Municipio', 'Cedeño'),
(263,1615, 'Municipio', 'Ezequiel Zamora'),
(264,1615, 'Municipio', 'Libertador'),
(265,1615, 'Municipio', 'Maturín'),
(266,1615, 'Municipio', 'Piar'),
(267,1615, 'Municipio', 'Punceres'),
(268,1615, 'Municipio', 'Santa Bárbara'),
(269,1615, 'Municipio', 'Sotillo'),
(270,1615, 'Municipio', 'Uracoa'),
(271,1616, 'Municipio', 'Antolín del Campo'),
(272,1616, 'Municipio', 'Arismendi'),
(273,1616, 'Municipio', 'García'),
(274,1616, 'Municipio', 'Gómez'),
(275,1616, 'Municipio', 'Maneiro'),
(276,1616, 'Municipio', 'Marcano'),
(277,1616, 'Municipio', 'Mariño'),
(278,1616, 'Municipio', 'Península de Macanao'),
(279,1616, 'Municipio', 'Tubores'),
(280,1616, 'Municipio', 'Villalba'),
(281,1616, 'Municipio', 'Díaz'),
(282,1617, 'Municipio', 'Agua Blanca'),
(283,1617, 'Municipio', 'Araure'),
(284,1617, 'Municipio', 'Esteller'),
(285,1617, 'Municipio', 'Guanare'),
(286,1617, 'Municipio', 'Guanarito'),
(287,1617, 'Municipio', 'Monseñor José Vicente de Unda'),
(288,1617, 'Municipio', 'Ospino'),
(289,1617, 'Municipio', 'Páez'),
(290,1617, 'Municipio', 'Papelón'),
(291,1617, 'Municipio', 'San Genaro de Boconoíto'),
(292,1617, 'Municipio', 'San Rafael de Onoto'),
(293,1617, 'Municipio', 'Santa Rosalía'),
(294,1617, 'Municipio', 'Sucre'),
(295,1617, 'Municipio', 'Turén'),
(296,1618, 'Municipio', 'Andrés Eloy Blanco'),
(297,1618, 'Municipio', 'Andrés Mata'),
(298,1618, 'Municipio', 'Arismendi'),
(299,1618, 'Municipio', 'Benítez'),
(300,1618, 'Municipio', 'Bermúdez'),
(301,1618, 'Municipio', 'Bolívar'),
(302,1618, 'Municipio', 'Cajigal'),
(303,1618, 'Municipio', 'Cruz Salmerón Acosta'),
(304,1618, 'Municipio', 'Libertador'),
(305,1618, 'Municipio', 'Mariño'),
(306,1618, 'Municipio', 'Mejía'),
(307,1618, 'Municipio', 'Montes'),
(308,1618, 'Municipio', 'Ribero'),
(309,1618, 'Municipio', 'Sucre'),
(310,1618, 'Municipio', 'Valdéz'),
(341,1619, 'Municipio', 'Andrés Bello'),
(342,1619, 'Municipio', 'Antonio Rómulo Costa'),
(343,1619, 'Municipio', 'Ayacucho'),
(344,1619, 'Municipio', 'Bolívar'),
(345,1619, 'Municipio', 'Cárdenas'),
(346,1619, 'Municipio', 'Córdoba'),
(347,1619, 'Municipio', 'Fernández Feo'),
(348,1619, 'Municipio', 'Francisco de Miranda'),
(349,1619, 'Municipio', 'García de Hevia'),
(350,1619, 'Municipio', 'Guásimos'),
(351,1619, 'Municipio', 'Independencia'),
(352,1619, 'Municipio', 'Jáuregui'),
(353,1619, 'Municipio', 'José María Vargas'),
(354,1619, 'Municipio', 'Junín'),
(355,1619, 'Municipio', 'Libertad'),
(356,1619, 'Municipio', 'Libertador'),
(357,1619, 'Municipio', 'Lobatera'),
(358,1619, 'Municipio', 'Michelena'),
(359,1619, 'Municipio', 'Panamericano'),
(360,1619, 'Municipio', 'Pedro María Ureña'),
(361,1619, 'Municipio', 'Rafael Urdaneta'),
(362,1619, 'Municipio', 'Samuel Darío Maldonado'),
(363,1619, 'Municipio', 'San Cristóbal'),
(364,1619, 'Municipio', 'Seboruco'),
(365,1619, 'Municipio', 'Simón Rodríguez'),
(366,1619, 'Municipio', 'Sucre'),
(367,1619, 'Municipio', 'Torbes'),
(368,1619, 'Municipio', 'Uribante'),
(369,1619, 'Municipio', 'San Judas Tadeo'),
(370,1620, 'Municipio', 'Andrés Bello'),
(371,1620, 'Municipio', 'Boconó'),
(372,1620, 'Municipio', 'Bolívar'),
(373,1620, 'Municipio', 'Candelaria'),
(374,1620, 'Municipio', 'Carache'),
(375,1620, 'Municipio', 'Escuque'),
(376,1620, 'Municipio', 'José Felipe Márquez Cañizalez'),
(377,1620, 'Municipio', 'Juan Vicente Campos Elías'),
(378,1620, 'Municipio', 'La Ceiba'),
(379,1620, 'Municipio', 'Miranda'),
(380,1620, 'Municipio', 'Monte Carmelo'),
(381,1620, 'Municipio', 'Motatán'),
(382,1620, 'Municipio', 'Pampán'),
(383,1620, 'Municipio', 'Pampanito'),
(384,1620, 'Municipio', 'Rafael Rangel'),
(385,1620, 'Municipio', 'San Rafael de Carvajal'),
(386,1620, 'Municipio', 'Sucre'),
(387,1620, 'Municipio', 'Trujillo'),
(388,1620, 'Municipio', 'Urdaneta'),
(389,1620, 'Municipio', 'Valera'),
(390,1621, 'Municipio', 'Vargas'),
(391,1622, 'Municipio', 'Arístides Bastidas'),
(392,1622, 'Municipio', 'Bolívar'),
(407,1622, 'Municipio', 'Bruzual'),
(408,1622, 'Municipio', 'Cocorote'),
(409,1622, 'Municipio', 'Independencia'),
(410,1622, 'Municipio', 'José Antonio Páez'),
(411,1622, 'Municipio', 'La Trinidad'),
(412,1622, 'Municipio', 'Manuel Monge'),
(413,1622, 'Municipio', 'Nirgua'),
(414,1622, 'Municipio', 'Peña'),
(415,1622, 'Municipio', 'San Felipe'),
(416,1622, 'Municipio', 'Sucre'),
(417,1622, 'Municipio', 'Urachiche'),
(418,1622, 'Municipio', 'José Joaquín Veroes'),
(441,1623, 'Municipio', 'Almirante Padilla'),
(442,1623, 'Municipio', 'Baralt'),
(443,1623, 'Municipio', 'Cabimas'),
(444,1623, 'Municipio', 'Catatumbo'),
(445,1623, 'Municipio', 'Colón'),
(446,1623, 'Municipio', 'Francisco Javier Pulgar'),
(447,1623, 'Municipio', 'Páez'),
(448,1623, 'Municipio', 'Jesús Enrique Losada'),
(449,1623, 'Municipio', 'Jesús María Semprún'),
(450,1623, 'Municipio', 'La Cañada de Urdaneta'),
(451,1623, 'Municipio', 'Lagunillas'),
(452,1623, 'Municipio', 'Machiques de Perijá'),
(453,1623, 'Municipio', 'Mara'),
(454,1623, 'Municipio', 'Maracaibo'),
(455,1623, 'Municipio', 'Miranda'),
(456,1623, 'Municipio', 'Rosario de Perijá'),
(457,1623, 'Municipio', 'San Francisco'),
(458,1623, 'Municipio', 'Santa Rita'),
(459,1623, 'Municipio', 'Simón Bolívar'),
(460,1623, 'Municipio', 'Sucre'),
(461,1623, 'Municipio', 'Valmore Rodríguez'),
(462,1624, 'Municipio', 'Libertador');

insert into Lugar (l_cod, fk_Lugar, l_tipo, l_nombre ) values
(463, 1,  'Parroquia','Alto Orinoco'),
(464, 1,  'Parroquia','Huachamacare Acanaña'),
(465, 1,  'Parroquia','Marawaka Toky Shamanaña'),
(466, 1,  'Parroquia','Mavaka Mavaka'),
(467, 1,  'Parroquia','Sierra Parima Parimabé'),
(468, 2,  'Parroquia','Ucata Laja Lisa'),
(469, 2,  'Parroquia','Yapacana Macuruco'),
(470, 2,  'Parroquia','Caname Guarinuma'),
(471, 3,  'Parroquia','Fernando Girón Tovar'),
(472, 3,  'Parroquia','Luis Alberto Gómez'),
(473, 3,  'Parroquia','Pahueña Limón de Parhueña'),
(474, 3,  'Parroquia','Platanillal Platanillal'),
(475, 4,  'Parroquia','Samariapo'),
(476, 4,  'Parroquia','Sipapo'),
(477, 4,  'Parroquia','Munduapo'),
(478, 4,  'Parroquia','Guayapo'),
(479, 5,  'Parroquia','Alto Ventuari'),
(480, 5,  'Parroquia','Medio Ventuari'),
(481, 5,  'Parroquia','Bajo Ventuari'),
(482, 6,  'Parroquia','Victorino'),
(483, 6,  'Parroquia','Comunidad'),
(484, 7,  'Parroquia','Casiquiare'),
(485, 7,  'Parroquia','Cocuy'),
(486, 7,  'Parroquia','San Carlos de Río Negro'),
(487, 7,  'Parroquia','Solano'),
(488, 8,  'Parroquia','Anaco'),
(489, 8,  'Parroquia','San Joaquín'),
(490, 9,  'Parroquia','Cachipo'),
(491, 9,  'Parroquia','Aragua de Barcelona'),
(492, 11, 'Parroquia', 'Lechería'),
(493, 11, 'Parroquia', 'El Morro'),
(494, 12, 'Parroquia', 'Puerto Píritu'),
(495, 12, 'Parroquia', 'San Miguel'),
(496, 12, 'Parroquia', 'Sucre'),
(497, 13, 'Parroquia', 'Valle de Guanape'),
(498, 13, 'Parroquia', 'Santa Bárbara'),
(499, 14, 'Parroquia', 'El Chaparro'),
(500, 14, 'Parroquia', 'Tomás Alfaro'),
(501, 14, 'Parroquia', 'Calatrava'),
(502, 15, 'Parroquia', 'Guanta'),
(503, 15, 'Parroquia', 'Chorrerón'),
(504, 16, 'Parroquia', 'Mamo'),
(505, 16, 'Parroquia', 'Soledad'),
(506, 17, 'Parroquia', 'Mapire'),
(507, 17, 'Parroquia', 'Piar'),
(508, 17, 'Parroquia', 'Santa Clara'),
(509, 17, 'Parroquia', 'San Diego de Cabrutica'),
(510, 17, 'Parroquia', 'Uverito'),
(511, 17, 'Parroquia', 'Zuata'),
(512, 18, 'Parroquia', 'Puerto La Cruz'),
(513, 18, 'Parroquia', 'Pozuelos'),
(514, 19, 'Parroquia', 'Onoto'),
(515, 19, 'Parroquia', 'San Pablo'),
(516, 20, 'Parroquia', 'San Mateo'),
(517, 20, 'Parroquia', 'El Carito'),
(518, 20, 'Parroquia', 'Santa Inés'),
(519, 20, 'Parroquia', 'La Romereña'),
(520, 21, 'Parroquia', 'Atapirire'),
(521, 21, 'Parroquia', 'Boca del Pao'),
(522, 21, 'Parroquia', 'El Pao'),
(523, 21, 'Parroquia', 'Pariaguán'),
(524, 22, 'Parroquia', 'Cantaura'),
(525, 22, 'Parroquia', 'Libertador'),
(526, 22, 'Parroquia', 'Santa Rosa'),
(527, 22, 'Parroquia', 'Urica'),
(528, 23, 'Parroquia', 'Píritu'),
(529, 23, 'Parroquia', 'San Francisco'),
(530, 24, 'Parroquia', 'San José de Guanipa'),
(531, 25, 'Parroquia', 'Boca de Uchire'),
(532, 25, 'Parroquia', 'Boca de Chávez'),
(533, 26, 'Parroquia', 'Pueblo Nuevo'),
(534, 26, 'Parroquia', 'Santa Ana'),
(535, 27, 'Parroquia', 'Bergantín'),
(536, 27, 'Parroquia', 'Caigua'),
(537, 27, 'Parroquia', 'El Carmen'),
(538, 27, 'Parroquia', 'El Pilar'),
(539, 27, 'Parroquia', 'Naricual'),
(540, 27, 'Parroquia', 'San Crsitóbal'),
(541, 28, 'Parroquia', 'Edmundo Barrios'),
(542, 28, 'Parroquia', 'Miguel Otero Silva'),
(543, 29, 'Parroquia', 'Achaguas'),
(544, 29, 'Parroquia', 'Apurito'),
(545, 29, 'Parroquia', 'El Yagual'),
(546, 29, 'Parroquia', 'Guachara'),
(547, 29, 'Parroquia', 'Mucuritas'),
(548, 29, 'Parroquia', 'Queseras del medio'),
(549, 30, 'Parroquia', 'Biruaca'),
(550, 31, 'Parroquia', 'Bruzual'),
(551, 31, 'Parroquia', 'Mantecal'),
(552, 31, 'Parroquia', 'Quintero'),
(553, 31, 'Parroquia', 'Rincón Hondo'),
(554, 31, 'Parroquia', 'San Vicente'),
(555, 32, 'Parroquia', 'Guasdualito'),
(556, 32, 'Parroquia', 'Aramendi'),
(557, 32, 'Parroquia', 'El Amparo'),
(558, 32, 'Parroquia', 'San Camilo'),
(559, 32, 'Parroquia', 'Urdaneta'),
(560, 33, 'Parroquia', 'San Juan de Payara'),
(561, 33, 'Parroquia', 'Codazzi'),
(562, 33, 'Parroquia', 'Cunaviche'),
(563, 34, 'Parroquia', 'Elorza'),
(564, 34, 'Parroquia', 'La Trinidad'),
(565, 35, 'Parroquia', 'San Fernando'),
(566, 35, 'Parroquia', 'El Recreo'),
(567, 35, 'Parroquia', 'Peñalver'),
(568, 35, 'Parroquia', 'San Rafael de Atamaica'),
(569, 36, 'Parroquia', 'Pedro José Ovalles'),
(570, 36, 'Parroquia', 'Joaquín Crespo'),
(571, 36, 'Parroquia', 'José Casanova Godoy'),
(572, 36, 'Parroquia', 'Madre María de San José'),
(573, 36, 'Parroquia', 'Andrés Eloy Blanco'),
(574, 36, 'Parroquia', 'Los Tacarigua'),
(575, 36, 'Parroquia', 'Las Delicias'),
(576, 36, 'Parroquia', 'Choroní'),
(577, 37, 'Parroquia', 'Bolívar'),
(578, 38, 'Parroquia', 'Camatagua'),
(579, 38, 'Parroquia', 'Carmen de Cura'),
(580, 39, 'Parroquia', 'Santa Rita'),
(581, 39, 'Parroquia', 'Francisco de Miranda'),
(582, 39, 'Parroquia', 'Moseñor Feliciano González'),
(583, 40, 'Parroquia', 'Santa Cruz'),
(584, 41, 'Parroquia', 'José Félix Ribas'),
(585, 41, 'Parroquia', 'Castor Nieves Ríos'),
(586, 41, 'Parroquia', 'Las Guacamayas'),
(587, 41, 'Parroquia', 'Pao de Zárate'),
(588, 41, 'Parroquia', 'Zuata'),
(589, 42, 'Parroquia', 'José Rafael Revenga'),
(590, 43, 'Parroquia', 'Palo Negro'),
(591, 43, 'Parroquia', 'San Martín de Porres'),
(592, 44, 'Parroquia', 'El Limón'),
(593, 44, 'Parroquia', 'Caña de Azúcar'),
(594, 45, 'Parroquia', 'Ocumare de la Costa'),
(595, 46, 'Parroquia', 'San Casimiro'),
(596, 46, 'Parroquia', 'Güiripa'),
(597, 46, 'Parroquia', 'Ollas de Caramacate'),
(598, 46, 'Parroquia', 'Valle Morín'),
(599, 47, 'Parroquia', 'San Sebastían'),
(600, 48, 'Parroquia', 'Turmero'),
(601, 48, 'Parroquia', 'Arevalo Aponte'),
(602, 48, 'Parroquia', 'Chuao'),
(603, 48, 'Parroquia', 'Samán de Güere'),
(604, 48, 'Parroquia', 'Alfredo Pacheco Miranda'),
(605, 49, 'Parroquia', 'Santos Michelena'),
(606, 49, 'Parroquia', 'Tiara'),
(607, 50, 'Parroquia', 'Cagua'),
(608, 50, 'Parroquia', 'Bella Vista'),
(609, 51, 'Parroquia', 'Tovar'),
(610, 52, 'Parroquia', 'Urdaneta'),
(611, 52, 'Parroquia', 'Las Peñitas'),
(612, 52, 'Parroquia', 'San Francisco de Cara'),
(613, 52, 'Parroquia', 'Taguay'),
(614, 53, 'Parroquia', 'Zamora'),
(615, 53, 'Parroquia', 'Magdaleno'),
(616, 53, 'Parroquia', 'San Francisco de Asís'),
(617, 53, 'Parroquia', 'Valles de Tucutunemo'),
(618, 53, 'Parroquia', 'Augusto Mijares'),
(619, 54, 'Parroquia', 'Sabaneta'),
(620, 54, 'Parroquia', 'Juan Antonio Rodríguez Domínguez'),
(621, 55, 'Parroquia', 'El Cantón'),
(622, 55, 'Parroquia', 'Santa Cruz de Guacas'),
(623, 55, 'Parroquia', 'Puerto Vivas'),
(624, 56, 'Parroquia', 'Ticoporo'),
(625, 56, 'Parroquia', 'Nicolás Pulido'),
(626, 56, 'Parroquia', 'Andrés Bello'),
(627, 57, 'Parroquia', 'Arismendi'),
(628, 57, 'Parroquia', 'Guadarrama'),
(629, 57, 'Parroquia', 'La Unión'),
(630, 57, 'Parroquia', 'San Antonio'),
(631, 58, 'Parroquia', 'Barinas'),
(632, 58, 'Parroquia', 'Alberto Arvelo Larriva'),
(633, 58, 'Parroquia', 'San Silvestre'),
(634, 58, 'Parroquia', 'Santa Inés'),
(635, 58, 'Parroquia', 'Santa Lucía'),
(636, 58, 'Parroquia', 'Torumos'),
(637, 58, 'Parroquia', 'El Carmen'),
(638, 58, 'Parroquia', 'Rómulo Betancourt'),
(639, 58, 'Parroquia', 'Corazón de Jesús'),
(640, 58, 'Parroquia', 'Ramón Ignacio Méndez'),
(641, 58, 'Parroquia', 'Alto Barinas'),
(642, 58, 'Parroquia', 'Manuel Palacio Fajardo'),
(643, 58, 'Parroquia', 'Juan Antonio Rodríguez Domínguez'),
(644, 58, 'Parroquia', 'Dominga Ortiz de Páez'),
(645, 59, 'Parroquia', 'Barinitas'),
(646, 59, 'Parroquia', 'Altamira de Cáceres'),
(647, 59, 'Parroquia', 'Calderas'),
(648, 60, 'Parroquia', 'Barrancas'),
(649, 60, 'Parroquia', 'El Socorro'),
(650, 60, 'Parroquia', 'Mazparrito'),
(651, 61, 'Parroquia', 'Santa Bárbara'),
(652, 61, 'Parroquia', 'Pedro Briceño Méndez'),
(653, 61, 'Parroquia', 'Ramón Ignacio Méndez'),
(654, 61, 'Parroquia', 'José Ignacio del Pumar'),
(655, 62, 'Parroquia', 'Obispos'),
(656, 62, 'Parroquia', 'Guasimitos'),
(657, 62, 'Parroquia', 'El Real'),
(658, 62, 'Parroquia', 'La Luz'),
(659, 63, 'Parroquia', 'Ciudad Bolívia'),
(660, 63, 'Parroquia', 'José Ignacio Briceño'),
(661, 63, 'Parroquia', 'José Félix Ribas'),
(662, 63, 'Parroquia', 'Páez'),
(663, 64, 'Parroquia', 'Libertad'),
(664, 64, 'Parroquia', 'Dolores'),
(665, 64, 'Parroquia', 'Santa Rosa'),
(666, 64, 'Parroquia', 'Palacio Fajardo'),
(667, 65, 'Parroquia', 'Ciudad de Nutrias'),
(668, 65, 'Parroquia', 'El Regalo'),
(669, 65, 'Parroquia', 'Puerto Nutrias'),
(670, 65, 'Parroquia', 'Santa Catalina'),
(671, 66, 'Parroquia', 'Cachamay'),
(672, 66, 'Parroquia', 'Chirica'),
(673, 66, 'Parroquia', 'Dalla Costa'),
(674, 66, 'Parroquia', 'Once de Abril'),
(675, 66, 'Parroquia', 'Simón Bolívar'),
(676, 66, 'Parroquia', 'Unare'),
(677, 66, 'Parroquia', 'Universidad'),
(678, 66, 'Parroquia', 'Vista al Sol'),
(679, 66, 'Parroquia', 'Pozo Verde'),
(680, 66, 'Parroquia', 'Yocoima'),
(681, 66, 'Parroquia', '5 de Julio'),
(682, 67, 'Parroquia', 'Cedeño'),
(683, 67, 'Parroquia', 'Altagracia'),
(684, 67, 'Parroquia', 'Ascensión Farreras'),
(685, 67, 'Parroquia', 'Guaniamo'),
(686, 67, 'Parroquia', 'La Urbana'),
(687, 67, 'Parroquia', 'Pijiguaos'),
(688, 68, 'Parroquia', 'El Callao'),
(689, 69, 'Parroquia', 'Gran Sabana'),
(690, 69, 'Parroquia', 'Ikabarú'),
(691, 70, 'Parroquia', 'Catedral'),
(692, 70, 'Parroquia', 'Zea'),
(693, 70, 'Parroquia', 'Orinoco'),
(694, 70, 'Parroquia', 'José Antonio Páez'),
(695, 70, 'Parroquia', 'Marhuanta'),
(696, 70, 'Parroquia', 'Agua Salada'),
(697, 70, 'Parroquia', 'Vista Hermosa'),
(698, 70, 'Parroquia', 'La Sabanita'),
(699, 70, 'Parroquia', 'Panapana'),
(700, 71, 'Parroquia', 'Andrés Eloy Blanco'),
(701, 71, 'Parroquia', 'Pedro Cova'),
(702, 72, 'Parroquia', 'Raúl Leoni'),
(703, 72, 'Parroquia', 'Barceloneta'),
(704, 72, 'Parroquia', 'Santa Bárbara'),
(705, 72, 'Parroquia', 'San Francisco'),
(706, 73, 'Parroquia', 'Roscio'),
(707, 73, 'Parroquia', 'Salóm'),
(708, 74, 'Parroquia', 'Sifontes'),
(709, 74, 'Parroquia', 'Dalla Costa'),
(710, 74, 'Parroquia', 'San Isidro'),
(711, 75, 'Parroquia', 'Sucre'),
(712, 75, 'Parroquia', 'Aripao'),
(713, 75, 'Parroquia', 'Guarataro'),
(714, 75, 'Parroquia', 'Las Majadas'),
(715, 75, 'Parroquia', 'Moitaco'),
(716, 76, 'Parroquia', 'Padre Pedro Chien'),
(717, 76, 'Parroquia', 'Río Grande'),
(718, 77, 'Parroquia', 'Bejuma'),
(719, 77, 'Parroquia', 'Canoabo'),
(720, 77, 'Parroquia', 'Simón Bolívar'),
(721, 78, 'Parroquia', 'Güigüe'),
(722, 78, 'Parroquia', 'Carabobo'),
(723, 78, 'Parroquia', 'Tacarigua'),
(724, 79, 'Parroquia', 'Mariara'),
(725, 79, 'Parroquia', 'Aguas Calientes'),
(726, 80, 'Parroquia', 'Ciudad Alianza'),
(727, 80, 'Parroquia', 'Guacara'),
(728, 80, 'Parroquia', 'Yagua'),
(729, 81, 'Parroquia', 'Morón'),
(730, 81, 'Parroquia', 'Yagua'),
(731, 82, 'Parroquia', 'Tocuyito'),
(732, 82, 'Parroquia', 'Independencia'),
(733, 83, 'Parroquia', 'Los Guayos'),
(734, 84, 'Parroquia', 'Miranda'),
(735, 85, 'Parroquia', 'Montalbán'),
(736, 86, 'Parroquia', 'Naguanagua'),
(737, 87, 'Parroquia', 'Bartolomé Salóm'),
(738, 87, 'Parroquia', 'Democracia'),
(739, 87, 'Parroquia', 'Fraternidad'),
(740, 87, 'Parroquia', 'Goaigoaza'),
(741, 87, 'Parroquia', 'Juan José Flores'),
(742, 87, 'Parroquia', 'Unión'),
(743, 87, 'Parroquia', 'Borburata'),
(744, 87, 'Parroquia', 'Patanemo'),
(745, 88, 'Parroquia', 'San Diego'),
(746, 89, 'Parroquia', 'San Joaquín'),
(747, 90, 'Parroquia', 'Candelaria'),
(748, 90, 'Parroquia', 'Catedral'),
(749, 90, 'Parroquia', 'El Socorro'),
(750, 90, 'Parroquia', 'Miguel Peña'),
(751, 90, 'Parroquia', 'Rafael Urdaneta'),
(752, 90, 'Parroquia', 'San Blas'),
(753, 90, 'Parroquia', 'San José'),
(754, 90, 'Parroquia', 'Santa Rosa'),
(755, 90, 'Parroquia', 'Negro Primero'),
(756, 91, 'Parroquia', 'Cojedes'),
(757, 91, 'Parroquia', 'Juan de Mata Suárez'),
(758, 92, 'Parroquia', 'Tinaquillo'),
(759, 93, 'Parroquia', 'El Baúl'),
(760, 93, 'Parroquia', 'Sucre'),
(761, 94, 'Parroquia', 'La Aguadita'),
(762, 94, 'Parroquia', 'Macapo'),
(763, 95, 'Parroquia', 'El Pao'),
(764, 96, 'Parroquia', 'El Amparo'),
(765, 96, 'Parroquia', 'Libertad de Cojedes'),
(766, 97, 'Parroquia', 'Rómulo Gallegos'),
(767, 98, 'Parroquia', 'San Carlos de Austria'),
(768, 98, 'Parroquia', 'Juan Ángel Bravo'),
(769, 98, 'Parroquia', 'Manuel Manrique'),
(770, 99, 'Parroquia', 'General en Jefe José Laurencio Silva'),
(771, 100, 'Parroquia', 'Curiapo'),
(772, 100, 'Parroquia', 'Almirante Luis Brión'),
(773, 100, 'Parroquia', 'Francisco Aniceto Lugo'),
(774, 100, 'Parroquia', 'Manuel Renaud'),
(775, 100, 'Parroquia', 'Padre Barral'),
(776, 100, 'Parroquia', 'Santos de Abelgas'),
(777, 101, 'Parroquia', 'Imataca'),
(778, 101, 'Parroquia', 'Cinco de Julio'),
(779, 101, 'Parroquia', 'Juan Bautista Arismendi'),
(780, 101, 'Parroquia', 'Manuel Piar'),
(781, 101, 'Parroquia', 'Rómulo Gallegos'),
(782, 102, 'Parroquia', 'Pedernales'),
(783, 102, 'Parroquia', 'Luis Beltrán Prieto Figueroa'),
(784, 103, 'Parroquia', 'San José (Delta Amacuro)'),
(785, 103, 'Parroquia', 'José Vidal Marcano'),
(786, 103, 'Parroquia', 'Juan Millán'),
(787, 103, 'Parroquia', 'Leonardo Ruíz Pineda'),
(788, 103, 'Parroquia', 'Mariscal Antonio José de Sucre'),
(789, 103, 'Parroquia', 'Monseñor Argimiro García'),
(790, 103, 'Parroquia', 'San Rafael (Delta Amacuro)'),
(791, 103, 'Parroquia', 'Virgen del Valle'),
(792, 10,  'Parroquia','Clarines'),
(793, 10,  'Parroquia','Guanape'),
(794, 10,  'Parroquia','Sabana de Uchire'),
(795, 104, 'Parroquia', 'Capadare'),
(796, 104, 'Parroquia', 'La Pastora'),
(797, 104, 'Parroquia', 'Libertador'),
(798, 104, 'Parroquia', 'San Juan de los Cayos'),
(799, 105, 'Parroquia', 'Aracua'),
(800, 105, 'Parroquia', 'La Peña'),
(801, 105, 'Parroquia', 'San Luis'),
(802, 106, 'Parroquia', 'Bariro'),
(803, 106, 'Parroquia', 'Borojó'),
(804, 106, 'Parroquia', 'Capatárida'),
(805, 106, 'Parroquia', 'Guajiro'),
(806, 106, 'Parroquia', 'Seque'),
(807, 106, 'Parroquia', 'Zazárida'),
(808, 106, 'Parroquia', 'Valle de Eroa'),
(809, 107, 'Parroquia', 'Cacique Manaure'),
(810, 108, 'Parroquia', 'Norte'),
(811, 108, 'Parroquia', 'Carirubana'),
(812, 108, 'Parroquia', 'Santa Ana'),
(813, 108, 'Parroquia', 'Urbana Punta Cardón'),
(814, 109, 'Parroquia', 'La Vela de Coro'),
(815, 109, 'Parroquia', 'Acurigua'),
(816, 109, 'Parroquia', 'Guaibacoa'),
(817, 109, 'Parroquia', 'Las Calderas'),
(818, 109, 'Parroquia', 'Macoruca'),
(819, 110, 'Parroquia', 'Dabajuro'),
(820, 111, 'Parroquia', 'Agua Clara'),
(821, 111, 'Parroquia', 'Avaria'),
(822, 111, 'Parroquia', 'Pedregal'),
(823, 111, 'Parroquia', 'Piedra Grande'),
(824, 111, 'Parroquia', 'Purureche'),
(825, 112, 'Parroquia', 'Adaure'),
(826, 112, 'Parroquia', 'Adícora'),
(827, 112, 'Parroquia', 'Baraived'),
(828, 112, 'Parroquia', 'Buena Vista'),
(829, 112, 'Parroquia', 'Jadacaquiva'),
(830, 112, 'Parroquia', 'El Vínculo'),
(831, 112, 'Parroquia', 'El Hato'),
(832, 112, 'Parroquia', 'Moruy'),
(833, 112, 'Parroquia', 'Pueblo Nuevo'),
(834, 113, 'Parroquia', 'Agua Larga'),
(835, 113, 'Parroquia', 'El Paují'),
(836, 113, 'Parroquia', 'Independencia'),
(837, 113, 'Parroquia', 'Mapararí'),
(838, 114, 'Parroquia', 'Agua Linda'),
(839, 114, 'Parroquia', 'Araurima'),
(840, 114, 'Parroquia', 'Jacura'),
(841, 115, 'Parroquia', 'Tucacas'),
(842, 115, 'Parroquia', 'Boca de Aroa'),
(843, 116, 'Parroquia', 'Los Taques'),
(844, 116, 'Parroquia', 'Judibana'),
(845, 117, 'Parroquia', 'Mene de Mauroa'),
(846, 117, 'Parroquia', 'San Félix'),
(847, 117, 'Parroquia', 'Casigua'),
(848, 118, 'Parroquia', 'Guzmán Guillermo'),
(849, 118, 'Parroquia', 'Mitare'),
(850, 118, 'Parroquia', 'Río Seco'),
(851, 118, 'Parroquia', 'Sabaneta'),
(852, 118, 'Parroquia', 'San Antonio'),
(853, 118, 'Parroquia', 'San Gabriel'),
(854, 118, 'Parroquia', 'Santa Ana'),
(855, 119, 'Parroquia', 'Boca del Tocuyo'),
(856, 119, 'Parroquia', 'Chichiriviche'),
(857, 119, 'Parroquia', 'Tocuyo de la Costa'),
(858, 120, 'Parroquia', 'Palmasola'),
(859, 121, 'Parroquia', 'Cabure'),
(860, 121, 'Parroquia', 'Colina'),
(861, 121, 'Parroquia', 'Curimagua'),
(862, 122, 'Parroquia', 'San José de la Costa'),
(863, 122, 'Parroquia', 'Píritu'),
(864, 123, 'Parroquia', 'San Francisco'),
(865, 124, 'Parroquia', 'Sucre'),
(866, 124, 'Parroquia', 'Pecaya'),
(867, 125, 'Parroquia', 'Tocópero'),
(868, 126, 'Parroquia', 'El Charal'),
(869, 126, 'Parroquia', 'Las Vegas del Tuy'),
(870, 126, 'Parroquia', 'Santa Cruz de Bucaral'),
(871, 127, 'Parroquia', 'Bruzual'),
(872, 127, 'Parroquia', 'Urumaco'),
(873, 128, 'Parroquia', 'Puerto Cumarebo'),
(874, 128, 'Parroquia', 'La Ciénaga'),
(875, 128, 'Parroquia', 'La Soledad'),
(876, 128, 'Parroquia', 'Pueblo Cumarebo'),
(877, 128, 'Parroquia', 'Zazárida'),
(878, 113, 'Parroquia', 'Churuguara'),
(879, 129, 'Parroquia', 'Camaguán'),
(880, 129, 'Parroquia', 'Puerto Miranda'),
(881, 129, 'Parroquia', 'Uverito'),
(882, 130, 'Parroquia', 'Chaguaramas'),
(883, 131, 'Parroquia', 'El Socorro'),
(884, 132, 'Parroquia', 'Tucupido'),
(885, 132, 'Parroquia', 'San Rafael de Laya'),
(886, 133, 'Parroquia', 'Altagracia de Orituco'),
(887, 133, 'Parroquia', 'San Rafael de Orituco'),
(888, 133, 'Parroquia', 'San Francisco Javier de Lezama'),
(889, 133, 'Parroquia', 'Paso Real de Macaira'),
(890, 133, 'Parroquia', 'Carlos Soublette'),
(891, 133, 'Parroquia', 'San Francisco de Macaira'),
(892, 133, 'Parroquia', 'Libertad de Orituco'),
(893, 134, 'Parroquia', 'Cantaclaro'),
(894, 134, 'Parroquia', 'San Juan de los Morros'),
(895, 134, 'Parroquia', 'Parapara'),
(896, 135, 'Parroquia', 'El Sombrero'),
(897, 135, 'Parroquia', 'Sosa'),
(898, 136, 'Parroquia', 'Las Mercedes'),
(899, 136, 'Parroquia', 'Cabruta'),
(900, 136, 'Parroquia', 'Santa Rita de Manapire'),
(901, 137, 'Parroquia', 'Valle de la Pascua'),
(902, 137, 'Parroquia', 'Espino'),
(903, 138, 'Parroquia', 'San José de Unare'),
(904, 138, 'Parroquia', 'Zaraza'),
(905, 139, 'Parroquia', 'San José de Tiznados'),
(906, 139, 'Parroquia', 'San Francisco de Tiznados'),
(907, 139, 'Parroquia', 'San Lorenzo de Tiznados'),
(908, 139, 'Parroquia', 'Ortiz'),
(909, 140, 'Parroquia', 'Guayabal'),
(910, 140, 'Parroquia', 'Cazorla'),
(911, 141, 'Parroquia', 'San José de Guaribe'),
(912, 141, 'Parroquia', 'Uveral'),
(913, 142, 'Parroquia', 'Santa María de Ipire'),
(914, 142, 'Parroquia', 'Altamira'),
(915, 143, 'Parroquia', 'El Calvario'),
(916, 143, 'Parroquia', 'El Rastro'),
(917, 143, 'Parroquia', 'Guardatinajas'),
(918, 143, 'Parroquia', 'Capital Urbana Calabozo'),
(919, 144, 'Parroquia', 'Quebrada Honda de Guache'),
(920, 144, 'Parroquia', 'Pío Tamayo'),
(921, 144, 'Parroquia', 'Yacambú'),
(922, 145, 'Parroquia', 'Fréitez'),
(923, 145, 'Parroquia', 'José María Blanco'),
(924, 146, 'Parroquia', 'Catedral'),
(925, 146, 'Parroquia', 'Concepción'),
(926, 146, 'Parroquia', 'El Cují'),
(927, 146, 'Parroquia', 'Juan de Villegas'),
(928, 146, 'Parroquia', 'Santa Rosa'),
(929, 146, 'Parroquia', 'Tamaca'),
(930, 146, 'Parroquia', 'Unión'),
(931, 146, 'Parroquia', 'Aguedo Felipe Alvarado'),
(932, 146, 'Parroquia', 'Buena Vista'),
(933, 146, 'Parroquia', 'Juárez'),
(934, 147, 'Parroquia', 'Juan Bautista Rodríguez'),
(935, 147, 'Parroquia', 'Cuara'),
(936, 147, 'Parroquia', 'Diego de Lozada'),
(937, 147, 'Parroquia', 'Paraíso de San José'),
(938, 147, 'Parroquia', 'San Miguel'),
(939, 147, 'Parroquia', 'Tintorero'),
(940, 147, 'Parroquia', 'José Bernardo Dorante'),
(941, 147, 'Parroquia', 'Coronel Mariano Peraza '),
(942, 148, 'Parroquia', 'Bolívar'),
(943, 148, 'Parroquia', 'Anzoátegui'),
(944, 148, 'Parroquia', 'Guarico'),
(945, 148, 'Parroquia', 'Hilario Luna y Luna'),
(946, 148, 'Parroquia', 'Humocaro Alto'),
(947, 148, 'Parroquia', 'Humocaro Bajo'),
(948, 148, 'Parroquia', 'La Candelaria'),
(949, 148, 'Parroquia', 'Morán'),
(950, 149, 'Parroquia', 'Cabudare'),
(951, 149, 'Parroquia', 'José Gregorio Bastidas'),
(952, 149, 'Parroquia', 'Agua Viva'),
(953, 150, 'Parroquia', 'Sarare'),
(954, 150, 'Parroquia', 'Buría'),
(955, 150, 'Parroquia', 'Gustavo Vegas León'),
(956, 151, 'Parroquia', 'Trinidad Samuel'),
(957, 151, 'Parroquia', 'Antonio Díaz'),
(958, 151, 'Parroquia', 'Camacaro'),
(959, 151, 'Parroquia', 'Castañeda'),
(960, 151, 'Parroquia', 'Cecilio Zubillaga'),
(961, 151, 'Parroquia', 'Chiquinquirá'),
(962, 151, 'Parroquia', 'El Blanco'),
(963, 151, 'Parroquia', 'Espinoza de los Monteros'),
(964, 151, 'Parroquia', 'Lara'),
(965, 151, 'Parroquia', 'Las Mercedes'),
(966, 151, 'Parroquia', 'Manuel Morillo'),
(967, 151, 'Parroquia', 'Montaña Verde'),
(968, 151, 'Parroquia', 'Montes de Oca'),
(969, 151, 'Parroquia', 'Torres'),
(970, 151, 'Parroquia', 'Heriberto Arroyo'),
(971, 151, 'Parroquia', 'Reyes Vargas'),
(972, 151, 'Parroquia', 'Altagracia'),
(973, 152, 'Parroquia', 'Siquisique'),
(974, 152, 'Parroquia', 'Moroturo'),
(975, 152, 'Parroquia', 'San Miguel'),
(976, 152, 'Parroquia', 'Xaguas'),
(977, 179, 'Parroquia', 'Presidente Betancourt'),
(978, 179, 'Parroquia', 'Presidente Páez'),
(979, 179, 'Parroquia', 'Presidente Rómulo Gallegos'),
(980, 179, 'Parroquia', 'Gabriel Picón González'),
(981, 179, 'Parroquia', 'Héctor Amable Mora'),
(982, 179, 'Parroquia', 'José Nucete Sardi'),
(983, 179, 'Parroquia', 'Pulido Méndez'),
(984, 180, 'Parroquia', 'La Azulita'),
(985, 181, 'Parroquia', 'Santa Cruz de Mora'),
(986, 181, 'Parroquia', 'Mesa Bolívar'),
(987, 181, 'Parroquia', 'Mesa de Las Palmas'),
(988, 182, 'Parroquia', 'Aricagua'),
(989, 182, 'Parroquia', 'San Antonio'),
(990, 183, 'Parroquia', 'Canagua'),
(991, 183, 'Parroquia', 'Capurí'),
(992, 183, 'Parroquia', 'Chacantá'),
(993, 183, 'Parroquia', 'El Molino'),
(994, 183, 'Parroquia', 'Guaimaral'),
(995, 183, 'Parroquia', 'Mucutuy'),
(996, 183, 'Parroquia', 'Mucuchachí'),
(997, 184, 'Parroquia', 'Fernández Peña'),
(998, 184, 'Parroquia', 'Matriz'),
(999, 184, 'Parroquia', 'Montalbán'),
(1000, 184, 'Parroquia', 'Acequias'),
(1001, 184, 'Parroquia', 'Jají'),
(1002, 184, 'Parroquia', 'La Mesa'),
(1003, 184, 'Parroquia', 'San José del Sur'),
(1004, 185, 'Parroquia', 'Tucaní'),
(1005, 185, 'Parroquia', 'Florencio Ramírez'),
(1006, 186, 'Parroquia', 'Santo Domingo'),
(1007, 186, 'Parroquia', 'Las Piedras'),
(1008, 187, 'Parroquia', 'Guaraque'),
(1009, 187, 'Parroquia', 'Mesa de Quintero'),
(1010, 187, 'Parroquia', 'Río Negro'),
(1011, 188, 'Parroquia', 'Arapuey'),
(1012, 188, 'Parroquia', 'Palmira'),
(1013, 189, 'Parroquia', 'San Cristóbal de Torondoy'),
(1014, 189, 'Parroquia', 'Torondoy'),
(1015, 190, 'Parroquia', 'Antonio Spinetti Dini'),
(1016, 190, 'Parroquia', 'Arias'),
(1017, 190, 'Parroquia', 'Caracciolo Parra Pérez'),
(1018, 190, 'Parroquia', 'Domingo Peña'),
(1019, 190, 'Parroquia', 'El Llano'),
(1020, 190, 'Parroquia', 'Gonzalo Picón Febres'),
(1021, 190, 'Parroquia', 'Jacinto Plaza'),
(1022, 190, 'Parroquia', 'Juan Rodríguez Suárez'),
(1023, 190, 'Parroquia', 'Lasso de la Vega'),
(1024, 190, 'Parroquia', 'Mariano Picón Salas'),
(1025, 190, 'Parroquia', 'Milla'),
(1026, 190, 'Parroquia', 'Osuna Rodríguez'),
(1027, 190, 'Parroquia', 'Sagrario'),
(1028, 190, 'Parroquia', 'El Morro'),
(1029, 190, 'Parroquia', 'Los Nevados'),
(1030, 191, 'Parroquia', 'Andrés Eloy Blanco'),
(1031, 191, 'Parroquia', 'La Venta'),
(1032, 191, 'Parroquia', 'Piñango'),
(1033, 191, 'Parroquia', 'Timotes'),
(1034, 192, 'Parroquia', 'Eloy Paredes'),
(1035, 192, 'Parroquia', 'San Rafael de Alcázar'),
(1036, 192, 'Parroquia', 'Santa Elena de Arenales'),
(1037, 193, 'Parroquia', 'Santa María de Caparo'),
(1038, 194, 'Parroquia', 'Pueblo Llano'),
(1039, 195, 'Parroquia', 'Cacute'),
(1040, 195, 'Parroquia', 'La Toma'),
(1041, 195, 'Parroquia', 'Mucuchíes'),
(1042, 195, 'Parroquia', 'Mucurubá'),
(1043, 195, 'Parroquia', 'San Rafael'),
(1044, 196, 'Parroquia', 'Gerónimo Maldonado'),
(1045, 196, 'Parroquia', 'Bailadores'),
(1046, 197, 'Parroquia', 'Tabay'),
(1047, 198, 'Parroquia', 'Chiguará'),
(1048, 198, 'Parroquia', 'Estánquez'),
(1049, 198, 'Parroquia', 'Lagunillas'),
(1050, 198, 'Parroquia', 'La Trampa'),
(1051, 198, 'Parroquia', 'Pueblo Nuevo del Sur'),
(1052, 198, 'Parroquia', 'San Juan'),
(1053, 199, 'Parroquia', 'El Amparo'),
(1054, 199, 'Parroquia', 'El Llano'),
(1055, 199, 'Parroquia', 'San Francisco'),
(1056, 199, 'Parroquia', 'Tovar'),
(1057, 200, 'Parroquia', 'Independencia'),
(1058, 200, 'Parroquia', 'María de la Concepción Palacios Blanco'),
(1059, 200, 'Parroquia', 'Nueva Bolivia'),
(1060, 200, 'Parroquia', 'Santa Apolonia'),
(1061, 201, 'Parroquia', 'Caño El Tigre'),
(1062, 201, 'Parroquia', 'Zea'),
(1063, 223, 'Parroquia', 'Aragüita'),
(1064, 223, 'Parroquia', 'Arévalo González'),
(1065, 223, 'Parroquia', 'Capaya'),
(1066, 223, 'Parroquia', 'Caucagua'),
(1067, 223, 'Parroquia', 'Panaquire'),
(1068, 223, 'Parroquia', 'Ribas'),
(1069, 223, 'Parroquia', 'El Café'),
(1070, 223, 'Parroquia', 'Marizapa'),
(1071, 224, 'Parroquia', 'Cumbo'),
(1072, 224, 'Parroquia', 'San José de Barlovento'),
(1073, 225, 'Parroquia', 'El Cafetal'),
(1074, 225, 'Parroquia', 'Las Minas'),
(1075, 225, 'Parroquia', 'Nuestra Señora del Rosario'),
(1076, 226, 'Parroquia', 'Higuerote'),
(1077, 226, 'Parroquia', 'Curiepe'),
(1078, 226, 'Parroquia', 'Tacarigua de Brión'),
(1079, 227, 'Parroquia', 'Mamporal'),
(1080, 228, 'Parroquia', 'Carrizal'),
(1081, 229, 'Parroquia', 'Chacao'),
(1082, 230, 'Parroquia', 'Charallave'),
(1083, 230, 'Parroquia', 'Las Brisas'),
(1084, 231, 'Parroquia', 'El Hatillo'),
(1085, 232, 'Parroquia', 'Altagracia de la Montaña'),
(1086, 232, 'Parroquia', 'Cecilio Acosta'),
(1087, 232, 'Parroquia', 'Los Teques'),
(1088, 232, 'Parroquia', 'El Jarillo'),
(1089, 232, 'Parroquia', 'San Pedro'),
(1090, 232, 'Parroquia', 'Tácata'),
(1091, 232, 'Parroquia', 'Paracotos'),
(1092, 233, 'Parroquia', 'Cartanal'),
(1093, 233, 'Parroquia', 'Santa Teresa del Tuy'),
(1094, 234, 'Parroquia', 'La Democracia'),
(1095, 234, 'Parroquia', 'Ocumare del Tuy'),
(1096, 234, 'Parroquia', 'Santa Bárbara'),
(1097, 235, 'Parroquia', 'San Antonio de los Altos'),
(1098, 236, 'Parroquia', 'Río Chico'),
(1099, 236, 'Parroquia', 'El Guapo'),
(1100, 236, 'Parroquia', 'Tacarigua de la Laguna'),
(1101, 236, 'Parroquia', 'Paparo'),
(1102, 236, 'Parroquia', 'San Fernando del Guapo'),
(1103, 237, 'Parroquia', 'Santa Lucía del Tuy'),
(1104, 238, 'Parroquia', 'Cúpira'),
(1105, 238, 'Parroquia', 'Machurucuto'),
(1106, 239, 'Parroquia', 'Guarenas'),
(1107, 240, 'Parroquia', 'San Antonio de Yare'),
(1108, 240, 'Parroquia', 'San Francisco de Yare'),
(1109, 241, 'Parroquia', 'Leoncio Martínez'),
(1110, 241, 'Parroquia', 'Petare'),
(1111, 241, 'Parroquia', 'Caucagüita'),
(1112, 241, 'Parroquia', 'Filas de Mariche'),
(1113, 241, 'Parroquia', 'La Dolorita'),
(1114, 242, 'Parroquia', 'Cúa'),
(1115, 242, 'Parroquia', 'Nueva Cúa'),
(1116, 243, 'Parroquia', 'Guatire'),
(1117, 243, 'Parroquia', 'Bolívar'),
(1118, 258, 'Parroquia', 'San Antonio de Maturín'),
(1119, 258, 'Parroquia', 'San Francisco de Maturín'),
(1120, 259, 'Parroquia', 'Aguasay'),
(1121, 260, 'Parroquia', 'Caripito'),
(1122, 261, 'Parroquia', 'El Guácharo'),
(1123, 261, 'Parroquia', 'La Guanota'),
(1124, 261, 'Parroquia', 'Sabana de Piedra'),
(1125, 261, 'Parroquia', 'San Agustín'),
(1126, 261, 'Parroquia', 'Teresen'),
(1127, 261, 'Parroquia', 'Caripe'),
(1128, 262, 'Parroquia', 'Areo'),
(1129, 262, 'Parroquia', 'Capital Cedeño'),
(1130, 262, 'Parroquia', 'San Félix de Cantalicio'),
(1131, 262, 'Parroquia', 'Viento Fresco'),
(1132, 263, 'Parroquia', 'El Tejero'),
(1133, 263, 'Parroquia', 'Punta de Mata'),
(1134, 264, 'Parroquia', 'Chaguaramas'),
(1135, 264, 'Parroquia', 'Las Alhuacas'),
(1136, 264, 'Parroquia', 'Tabasca'),
(1137, 264, 'Parroquia', 'Temblador'),
(1138, 265, 'Parroquia', 'Alto de los Godos'),
(1139, 265, 'Parroquia', 'Boquerón'),
(1140, 265, 'Parroquia', 'Las Cocuizas'),
(1141, 265, 'Parroquia', 'La Cruz'),
(1142, 265, 'Parroquia', 'San Simón'),
(1143, 265, 'Parroquia', 'El Corozo'),
(1144, 265, 'Parroquia', 'El Furrial'),
(1145, 265, 'Parroquia', 'Jusepín'),
(1146, 265, 'Parroquia', 'La Pica'),
(1147, 265, 'Parroquia', 'San Vicente'),
(1148, 266, 'Parroquia', 'Aparicio'),
(1149, 266, 'Parroquia', 'Aragua de Maturín'),
(1150, 266, 'Parroquia', 'Chaguamal'),
(1151, 266, 'Parroquia', 'El Pinto'),
(1152, 266, 'Parroquia', 'Guanaguana'),
(1153, 266, 'Parroquia', 'La Toscana'),
(1154, 266, 'Parroquia', 'Taguaya'),
(1155, 267, 'Parroquia', 'Cachipo'),
(1156, 267, 'Parroquia', 'Quiriquire'),
(1157, 268, 'Parroquia', 'Santa Bárbara'),
(1158, 269, 'Parroquia', 'Barrancas'),
(1159, 269, 'Parroquia', 'Los Barrancos de Fajardo'),
(1160, 270, 'Parroquia', 'Uracoa'),
(1161, 271, 'Parroquia', 'Antolín del Campo'),
(1162, 272, 'Parroquia', 'Arismendi'),
(1163, 273, 'Parroquia', 'García'),
(1164, 273, 'Parroquia', 'Francisco Fajardo'),
(1165, 274, 'Parroquia', 'Bolívar'),
(1166, 274, 'Parroquia', 'Guevara'),
(1167, 274, 'Parroquia', 'Matasiete'),
(1168, 274, 'Parroquia', 'Santa Ana'),
(1169, 274, 'Parroquia', 'Sucre'),
(1170, 275, 'Parroquia', 'Aguirre'),
(1171, 275, 'Parroquia', 'Maneiro'),
(1172, 276, 'Parroquia', 'Adrián'),
(1173, 276, 'Parroquia', 'Juan Griego'),
(1174, 276, 'Parroquia', 'Yaguaraparo'),
(1175, 277, 'Parroquia', 'Porlamar'),
(1176, 278, 'Parroquia', 'San Francisco de Macanao'),
(1177, 278, 'Parroquia', 'Boca de Río'),
(1178, 279, 'Parroquia', 'Tubores'),
(1179, 279, 'Parroquia', 'Los Baleales'),
(1180, 280, 'Parroquia', 'Vicente Fuentes'),
(1181, 280, 'Parroquia', 'Villalba'),
(1182, 281, 'Parroquia', 'San Juan Bautista'),
(1183, 281, 'Parroquia', 'Zabala'),
(1184, 283, 'Parroquia', 'Capital Araure'),
(1185, 283, 'Parroquia', 'Río Acarigua'),
(1186, 284, 'Parroquia', 'Capital Esteller'),
(1187, 284, 'Parroquia', 'Uveral'),
(1188, 285, 'Parroquia', 'Guanare'),
(1189, 285, 'Parroquia', 'Córdoba'),
(1190, 285, 'Parroquia', 'San José de la Montaña'),
(1191, 285, 'Parroquia', 'San Juan de Guanaguanare'),
(1192, 285, 'Parroquia', 'Virgen de la Coromoto'),
(1193, 286, 'Parroquia', 'Guanarito'),
(1194, 286, 'Parroquia', 'Trinidad de la Capilla'),
(1195, 286, 'Parroquia', 'Divina Pastora'),
(1196, 287, 'Parroquia', 'Monseñor José Vicente de Unda'),
(1197, 287, 'Parroquia', 'Peña Blanca'),
(1198, 288, 'Parroquia', 'Capital Ospino'),
(1199, 288, 'Parroquia', 'Aparición'),
(1200, 288, 'Parroquia', 'La Estación'),
(1201, 289, 'Parroquia', 'Páez'),
(1202, 289, 'Parroquia', 'Payara'),
(1203, 289, 'Parroquia', 'Pimpinela'),
(1204, 289, 'Parroquia', 'Ramón Peraza'),
(1205, 290, 'Parroquia', 'Papelón'),
(1206, 290, 'Parroquia', 'Caño Delgadito'),
(1207, 291, 'Parroquia', 'San Genaro de Boconoito'),
(1208, 291, 'Parroquia', 'Antolín Tovar'),
(1209, 292, 'Parroquia', 'San Rafael de Onoto'),
(1210, 292, 'Parroquia', 'Santa Fe'),
(1211, 292, 'Parroquia', 'Thermo Morles'),
(1212, 293, 'Parroquia', 'Santa Rosalía'),
(1213, 293, 'Parroquia', 'Florida'),
(1214, 294, 'Parroquia', 'Sucre'),
(1215, 294, 'Parroquia', 'Concepción'),
(1216, 294, 'Parroquia', 'San Rafael de Palo Alzado'),
(1217, 294, 'Parroquia', 'Uvencio Antonio Velásquez'),
(1218, 294, 'Parroquia', 'San José de Saguaz'),
(1219, 294, 'Parroquia', 'Villa Rosa'),
(1220, 295, 'Parroquia', 'Turén'),
(1221, 295, 'Parroquia', 'Canelones'),
(1222, 295, 'Parroquia', 'Santa Cruz'),
(1223, 295, 'Parroquia', 'San Isidro Labrador'),
(1224, 296, 'Parroquia', 'Mariño'),
(1225, 296, 'Parroquia', 'Rómulo Gallegos'),
(1226, 297, 'Parroquia', 'San José de Aerocuar'),
(1227, 297, 'Parroquia', 'Tavera Acosta'),
(1228, 298, 'Parroquia', 'Río Caribe'),
(1229, 298, 'Parroquia', 'Antonio José de Sucre'),
(1230, 298, 'Parroquia', 'El Morro de Puerto Santo'),
(1231, 298, 'Parroquia', 'Puerto Santo'),
(1232, 298, 'Parroquia', 'San Juan de las Galdonas'),
(1233, 299, 'Parroquia', 'El Pilar'),
(1234, 299, 'Parroquia', 'El Rincón'),
(1235, 299, 'Parroquia', 'General Francisco Antonio Váquez'),
(1236, 299, 'Parroquia', 'Guaraúnos'),
(1237, 299, 'Parroquia', 'Tunapuicito'),
(1238, 299, 'Parroquia', 'Unión'),
(1239, 300, 'Parroquia', 'Santa Catalina'),
(1240, 300, 'Parroquia', 'Santa Rosa'),
(1241, 300, 'Parroquia', 'Santa Teresa'),
(1242, 300, 'Parroquia', 'Bolívar'),
(1243, 300, 'Parroquia', 'Maracapana'),
(1244, 302, 'Parroquia', 'Libertad'),
(1245, 302, 'Parroquia', 'El Paujil'),
(1246, 302, 'Parroquia', 'Yaguaraparo'),
(1247, 303, 'Parroquia', 'Cruz Salmerón Acosta'),
(1248, 303, 'Parroquia', 'Chacopata'),
(1249, 303, 'Parroquia', 'Manicuare'),
(1250, 304, 'Parroquia', 'Tunapuy'),
(1251, 304, 'Parroquia', 'Campo Elías'),
(1252, 305, 'Parroquia', 'Irapa'),
(1253, 305, 'Parroquia', 'Campo Claro'),
(1254, 305, 'Parroquia', 'Maraval'),
(1255, 305, 'Parroquia', 'San Antonio de Irapa'),
(1256, 305, 'Parroquia', 'Soro'),
(1257, 306, 'Parroquia', 'Mejía'),
(1258, 307, 'Parroquia', 'Cumanacoa'),
(1259, 307, 'Parroquia', 'Arenas'),
(1260, 307, 'Parroquia', 'Aricagua'),
(1261, 307, 'Parroquia', 'Cogollar'),
(1262, 307, 'Parroquia', 'San Fernando'),
(1263, 307, 'Parroquia', 'San Lorenzo'),
(1264, 308, 'Parroquia', 'Villa Frontado (Muelle de Cariaco)'),
(1265, 308, 'Parroquia', 'Catuaro'),
(1266, 308, 'Parroquia', 'Rendón'),
(1267, 308, 'Parroquia', 'San Cruz'),
(1268, 308, 'Parroquia', 'Santa María'),
(1269, 309, 'Parroquia', 'Altagracia'),
(1270, 309, 'Parroquia', 'Santa Inés'),
(1271, 309, 'Parroquia', 'Valentín Valiente'),
(1272, 309, 'Parroquia', 'Ayacucho'),
(1273, 309, 'Parroquia', 'San Juan'),
(1274, 309, 'Parroquia', 'Raúl Leoni'),
(1275, 309, 'Parroquia', 'Gran Mariscal'),
(1276, 310, 'Parroquia', 'Cristóbal Colón'),
(1277, 310, 'Parroquia', 'Bideau'),
(1278, 310, 'Parroquia', 'Punta de Piedras'),
(1279, 310, 'Parroquia', 'Güiria'),
(1280, 341, 'Parroquia', 'Andrés Bello'),
(1281, 342, 'Parroquia', 'Antonio Rómulo Costa'),
(1282, 343, 'Parroquia', 'Ayacucho'),
(1283, 343, 'Parroquia', 'Rivas Berti'),
(1284, 343, 'Parroquia', 'San Pedro del Río'),
(1285, 344, 'Parroquia', 'Bolívar'),
(1286, 344, 'Parroquia', 'Palotal'),
(1287, 344, 'Parroquia', 'General Juan Vicente Gómez'),
(1288, 344, 'Parroquia', 'Isaías Medina Angarita'),
(1289, 345, 'Parroquia', 'Cárdenas'),
(1290, 345, 'Parroquia', 'Amenodoro Ángel Lamus'),
(1291, 345, 'Parroquia', 'La Florida'),
(1292, 346, 'Parroquia', 'Córdoba'),
(1293, 347, 'Parroquia', 'Fernández Feo'),
(1294, 347, 'Parroquia', 'Alberto Adriani'),
(1295, 347, 'Parroquia', 'Santo Domingo'),
(1296, 348, 'Parroquia', 'Francisco de Miranda'),
(1297, 349, 'Parroquia', 'García de Hevia'),
(1298, 349, 'Parroquia', 'Boca de Grita'),
(1299, 349, 'Parroquia', 'José Antonio Páez'),
(1300, 350, 'Parroquia', 'Guásimos'),
(1301, 351, 'Parroquia', 'Independencia'),
(1302, 351, 'Parroquia', 'Juan Germán Roscio'),
(1303, 351, 'Parroquia', 'Román Cárdenas'),
(1304, 352, 'Parroquia', 'Jáuregui'),
(1305, 352, 'Parroquia', 'Emilio Constantino Guerrero'),
(1306, 352, 'Parroquia', 'Monseñor Miguel Antonio Salas'),
(1307, 353, 'Parroquia', 'José María Vargas'),
(1308, 354, 'Parroquia', 'Junín'),
(1309, 354, 'Parroquia', 'La Petrólea'),
(1310, 354, 'Parroquia', 'Quinimarí'),
(1311, 354, 'Parroquia', 'Bramón'),
(1312, 355, 'Parroquia', 'Libertad'),
(1313, 355, 'Parroquia', 'Cipriano Castro'),
(1314, 355, 'Parroquia', 'Manuel Felipe Rugeles'),
(1315, 356, 'Parroquia', 'Libertador'),
(1316, 356, 'Parroquia', 'Doradas'),
(1317, 356, 'Parroquia', 'Emeterio Ochoa'),
(1318, 356, 'Parroquia', 'San Joaquín de Navay'),
(1319, 357, 'Parroquia', 'Lobatera'),
(1320, 357, 'Parroquia', 'Constitución'),
(1321, 358, 'Parroquia', 'Michelena'),
(1322, 359, 'Parroquia', 'Panamericano'),
(1323, 359, 'Parroquia', 'La Palmita'),
(1324, 360, 'Parroquia', 'Pedro María Ureña'),
(1325, 360, 'Parroquia', 'Nueva Arcadia'),
(1326, 361, 'Parroquia', 'Delicias'),
(1327, 361, 'Parroquia', 'Pecaya'),
(1328, 362, 'Parroquia', 'Samuel Darío Maldonado'),
(1329, 362, 'Parroquia', 'Boconó'),
(1330, 362, 'Parroquia', 'Hernández'),
(1331, 363, 'Parroquia', 'La Concordia'),
(1332, 363, 'Parroquia', 'San Juan Bautista'),
(1333, 363, 'Parroquia', 'Pedro María Morantes'),
(1334, 363, 'Parroquia', 'San Sebastián'),
(1335, 363, 'Parroquia', 'Dr. Francisco Romero Lobo'),
(1336, 364, 'Parroquia', 'Seboruco'),
(1337, 365, 'Parroquia', 'Simón Rodríguez'),
(1338, 366, 'Parroquia', 'Sucre'),
(1339, 366, 'Parroquia', 'Eleazar López Contreras'),
(1340, 366, 'Parroquia', 'San Pablo'),
(1341, 367, 'Parroquia', 'Torbes'),
(1342, 368, 'Parroquia', 'Uribante'),
(1343, 368, 'Parroquia', 'Cárdenas'),
(1344, 368, 'Parroquia', 'Juan Pablo Peñalosa'),
(1345, 368, 'Parroquia', 'Potosí'),
(1346, 369, 'Parroquia', 'San Judas Tadeo'),
(1347, 370, 'Parroquia', 'Araguaney'),
(1348, 370, 'Parroquia', 'El Jaguito'),
(1349, 370, 'Parroquia', 'La Esperanza'),
(1350, 370, 'Parroquia', 'Santa Isabel'),
(1351, 371, 'Parroquia', 'Boconó'),
(1352, 371, 'Parroquia', 'El Carmen'),
(1353, 371, 'Parroquia', 'Mosquey'),
(1354, 371, 'Parroquia', 'Ayacucho'),
(1355, 371, 'Parroquia', 'Burbusay'),
(1356, 371, 'Parroquia', 'General Ribas'),
(1357, 371, 'Parroquia', 'Guaramacal'),
(1358, 371, 'Parroquia', 'Vega de Guaramacal'),
(1359, 371, 'Parroquia', 'Monseñor Jáuregui'),
(1360, 371, 'Parroquia', 'Rafael Rangel'),
(1361, 371, 'Parroquia', 'San Miguel'),
(1362, 371, 'Parroquia', 'San José'),
(1363, 372, 'Parroquia', 'Sabana Grande'),
(1364, 372, 'Parroquia', 'Cheregüé'),
(1365, 372, 'Parroquia', 'Granados'),
(1366, 373, 'Parroquia', 'Arnoldo Gabaldón'),
(1367, 373, 'Parroquia', 'Bolivia'),
(1368, 373, 'Parroquia', 'Carrillo'),
(1369, 373, 'Parroquia', 'Cegarra'),
(1370, 373, 'Parroquia', 'Chejendé'),
(1371, 373, 'Parroquia', 'Manuel Salvador Ulloa'),
(1372, 373, 'Parroquia', 'San José'),
(1373, 374, 'Parroquia', 'Carache'),
(1374, 374, 'Parroquia', 'La Concepción'),
(1375, 374, 'Parroquia', 'Cuicas'),
(1376, 374, 'Parroquia', 'Panamericana'),
(1377, 374, 'Parroquia', 'Santa Cruz'),
(1378, 375, 'Parroquia', 'Escuque'),
(1379, 375, 'Parroquia', 'La Unión'),
(1380, 375, 'Parroquia', 'Santa Rita'),
(1381, 375, 'Parroquia', 'Sabana Libre'),
(1382, 376, 'Parroquia', 'El Socorro'),
(1383, 376, 'Parroquia', 'Los Caprichos'),
(1384, 376, 'Parroquia', 'Antonio José de Sucre'),
(1385, 377, 'Parroquia', 'Campo Elías'),
(1386, 377, 'Parroquia', 'Arnoldo Gabaldón'),
(1387, 378, 'Parroquia', 'Santa Apolonia'),
(1388, 378, 'Parroquia', 'El Progreso'),
(1389, 378, 'Parroquia', 'La Ceiba'),
(1390, 378, 'Parroquia', 'Tres de Febrero'),
(1391, 379, 'Parroquia', 'El Dividive'),
(1392, 379, 'Parroquia', 'Agua Santa'),
(1393, 379, 'Parroquia', 'Agua Caliente'),
(1394, 379, 'Parroquia', 'El Cenizo'),
(1395, 379, 'Parroquia', 'Valerita'),
(1396, 380, 'Parroquia', 'Monte Carmelo'),
(1397, 380, 'Parroquia', 'Buena Vista'),
(1398, 380, 'Parroquia', 'Santa María del Horcón'),
(1399, 381, 'Parroquia', 'Motatán'),
(1400, 381, 'Parroquia', 'El Baño'),
(1401, 381, 'Parroquia', 'Jalisco'),
(1402, 382, 'Parroquia', 'Pampán'),
(1403, 382, 'Parroquia', 'Flor de Patria'),
(1404, 382, 'Parroquia', 'La Paz'),
(1405, 382, 'Parroquia', 'Santa Ana'),
(1406, 383, 'Parroquia', 'Pampanito'),
(1407, 383, 'Parroquia', 'La Concepción'),
(1408, 383, 'Parroquia', 'Pampanito II'),
(1409, 384, 'Parroquia', 'Betijoque'),
(1410, 384, 'Parroquia', 'José Gregorio Hernández'),
(1411, 384, 'Parroquia', 'La Pueblita'),
(1412, 384, 'Parroquia', 'Los Cedros'),
(1413, 385, 'Parroquia', 'Carvajal'),
(1414, 385, 'Parroquia', 'Campo Alegre'),
(1415, 385, 'Parroquia', 'Antonio Nicolás Briceño'),
(1416, 385, 'Parroquia', 'José Leonardo Suárez'),
(1417, 386, 'Parroquia', 'Sabana de Mendoza'),
(1418, 386, 'Parroquia', 'Junín'),
(1419, 386, 'Parroquia', 'Valmore Rodríguez'),
(1420, 386, 'Parroquia', 'El Paraíso'),
(1421, 387, 'Parroquia', 'Andrés Linares'),
(1422, 387, 'Parroquia', 'Chiquinquirá'),
(1423, 387, 'Parroquia', 'Cristóbal Mendoza'),
(1424, 387, 'Parroquia', 'Cruz Carrillo'),
(1425, 387, 'Parroquia', 'Matriz'),
(1426, 387, 'Parroquia', 'Monseñor Carrillo'),
(1427, 387, 'Parroquia', 'Tres Esquinas'),
(1428, 388, 'Parroquia', 'Cabimbú'),
(1429, 388, 'Parroquia', 'Jajó'),
(1430, 388, 'Parroquia', 'La Mesa de Esnujaque'),
(1431, 388, 'Parroquia', 'Santiago'),
(1432, 388, 'Parroquia', 'Tuñame'),
(1433, 388, 'Parroquia', 'La Quebrada'),
(1434, 389, 'Parroquia', 'Juan Ignacio Montilla'),
(1435, 389, 'Parroquia', 'La Beatriz'),
(1436, 389, 'Parroquia', 'La Puerta'),
(1437, 389, 'Parroquia', 'Mendoza del Valle de Momboy'),
(1438, 389, 'Parroquia', 'Mercedes Díaz'),
(1439, 389, 'Parroquia', 'San Luis'),
(1440, 390, 'Parroquia', 'Caraballeda'),
(1441, 390, 'Parroquia', 'Carayaca'),
(1442, 390, 'Parroquia', 'Carlos Soublette'),
(1443, 390, 'Parroquia', 'Caruao Chuspa'),
(1444, 390, 'Parroquia', 'Catia La Mar'),
(1445, 390, 'Parroquia', 'El Junko'),
(1446, 390, 'Parroquia', 'La Guaira'),
(1447, 390, 'Parroquia', 'Macuto'),
(1448, 390, 'Parroquia', 'Maiquetía'),
(1449, 390, 'Parroquia', 'Naiguatá'),
(1450, 390, 'Parroquia', 'Urimare'),
(1451, 391, 'Parroquia', 'Arístides Bastidas'),
(1452, 392, 'Parroquia', 'Bolívar'),
(1453, 407, 'Parroquia', 'Chivacoa'),
(1454, 407, 'Parroquia', 'Campo Elías'),
(1455, 408, 'Parroquia', 'Cocorote'),
(1456, 409, 'Parroquia', 'Independencia'),
(1457, 410, 'Parroquia', 'José Antonio Páez'),
(1458, 411, 'Parroquia', 'La Trinidad'),
(1459, 412, 'Parroquia', 'Manuel Monge'),
(1460, 413, 'Parroquia', 'Salóm'),
(1461, 413, 'Parroquia', 'Temerla'),
(1462, 413, 'Parroquia', 'Nirgua'),
(1463, 414, 'Parroquia', 'San Andrés'),
(1464, 414, 'Parroquia', 'Yaritagua'),
(1465, 415, 'Parroquia', 'San Javier'),
(1466, 415, 'Parroquia', 'Albarico'),
(1467, 415, 'Parroquia', 'San Felipe'),
(1468, 416, 'Parroquia', 'Sucre'),
(1469, 417, 'Parroquia', 'Urachiche'),
(1470, 418, 'Parroquia', 'El Guayabo'),
(1471, 418, 'Parroquia', 'Farriar'),
(1472, 441, 'Parroquia', 'Isla de Toas'),
(1473, 441, 'Parroquia', 'Monagas'),
(1474, 442, 'Parroquia', 'San Timoteo'),
(1475, 442, 'Parroquia', 'General Urdaneta'),
(1476, 442, 'Parroquia', 'Libertador'),
(1477, 442, 'Parroquia', 'Marcelino Briceño'),
(1478, 442, 'Parroquia', 'Pueblo Nuevo'),
(1479, 442, 'Parroquia', 'Manuel Guanipa Matos'),
(1480, 443, 'Parroquia', 'Ambrosio'),
(1481, 443, 'Parroquia', 'Carmen Herrera'),
(1482, 443, 'Parroquia', 'La Rosa'),
(1483, 443, 'Parroquia', 'Germán Ríos Linares'),
(1484, 443, 'Parroquia', 'San Benito'),
(1485, 443, 'Parroquia', 'Rómulo Betancourt'),
(1486, 443, 'Parroquia', 'Jorge Hernández'),
(1487, 443, 'Parroquia', 'Punta Gorda'),
(1488, 443, 'Parroquia', 'Arístides Calvani'),
(1489, 444, 'Parroquia', 'Encontrados'),
(1490, 444, 'Parroquia', 'Udón Pérez'),
(1491, 445, 'Parroquia', 'Moralito'),
(1492, 445, 'Parroquia', 'San Carlos del Zulia'),
(1493, 445, 'Parroquia', 'Santa Cruz del Zulia'),
(1494, 445, 'Parroquia', 'Santa Bárbara'),
(1495, 445, 'Parroquia', 'Urribarrí'),
(1496, 446, 'Parroquia', 'Carlos Quevedo'),
(1497, 446, 'Parroquia', 'Francisco Javier Pulgar'),
(1498, 446, 'Parroquia', 'Simón Rodríguez'),
(1499, 446, 'Parroquia', 'Guamo-Gavilanes'),
(1500, 448, 'Parroquia', 'La Concepción'),
(1501, 448, 'Parroquia', 'San José'),
(1502, 448, 'Parroquia', 'Mariano Parra León'),
(1503, 448, 'Parroquia', 'José Ramón Yépez'),
(1504, 449, 'Parroquia', 'Jesús María Semprún'),
(1505, 449, 'Parroquia', 'Barí'),
(1506, 450, 'Parroquia', 'Concepción'),
(1507, 450, 'Parroquia', 'Andrés Bello'),
(1508, 450, 'Parroquia', 'Chiquinquirá'),
(1509, 450, 'Parroquia', 'El Carmelo'),
(1510, 450, 'Parroquia', 'Potreritos'),
(1511, 451, 'Parroquia', 'Libertad'),
(1512, 451, 'Parroquia', 'Alonso de Ojeda'),
(1513, 451, 'Parroquia', 'Venezuela'),
(1514, 451, 'Parroquia', 'Eleazar López Contreras'),
(1515, 451, 'Parroquia', 'Campo Lara'),
(1516, 452, 'Parroquia', 'Bartolomé de las Casas'),
(1517, 452, 'Parroquia', 'Libertad'),
(1518, 452, 'Parroquia', 'Río Negro'),
(1519, 452, 'Parroquia', 'San José de Perijá'),
(1520, 453, 'Parroquia', 'San Rafael'),
(1521, 453, 'Parroquia', 'La Sierrita'),
(1522, 453, 'Parroquia', 'Las Parcelas'),
(1523, 453, 'Parroquia', 'Luis de Vicente'),
(1524, 453, 'Parroquia', 'Monseñor Marcos Sergio Godoy'),
(1525, 453, 'Parroquia', 'Ricaurte'),
(1526, 453, 'Parroquia', 'Tamare'),
(1527, 454, 'Parroquia', 'Antonio Borjas Romero'),
(1528, 454, 'Parroquia', 'Bolívar'),
(1529, 454, 'Parroquia', 'Cacique Mara'),
(1530, 454, 'Parroquia', 'Carracciolo Parra Pérez'),
(1531, 454, 'Parroquia', 'Cecilio Acosta'),
(1532, 454, 'Parroquia', 'Cristo de Aranza'),
(1533, 454, 'Parroquia', 'Coquivacoa'),
(1534, 454, 'Parroquia', 'Chiquinquirá'),
(1535, 454, 'Parroquia', 'Francisco Eugenio Bustamante'),
(1536, 454, 'Parroquia', 'Idelfonzo Vásquez'),
(1537, 454, 'Parroquia', 'Juana de Ávila'),
(1538, 454, 'Parroquia', 'Luis Hurtado Higuera'),
(1539, 454, 'Parroquia', 'Manuel Dagnino'),
(1540, 454, 'Parroquia', 'Olegario Villalobos'),
(1541, 454, 'Parroquia', 'Raúl Leoni'),
(1542, 454, 'Parroquia', 'Santa Lucía'),
(1543, 454, 'Parroquia', 'Venancio Pulgar'),
(1544, 454, 'Parroquia', 'San Isidro'),
(1545, 455, 'Parroquia', 'Altagracia'),
(1546, 455, 'Parroquia', 'Faría'),
(1547, 455, 'Parroquia', 'Ana María Campos'),
(1548, 455, 'Parroquia', 'San Antonio'),
(1549, 455, 'Parroquia', 'San José'),
(1550, 456, 'Parroquia', 'Donaldo García'),
(1551, 456, 'Parroquia', 'El Rosario'),
(1552, 456, 'Parroquia', 'Sixto Zambrano'),
(1553, 457, 'Parroquia', 'San Francisco'),
(1554, 457, 'Parroquia', 'El Bajo'),
(1555, 457, 'Parroquia', 'Domitila Flores'),
(1556, 457, 'Parroquia', 'Francisco Ochoa'),
(1557, 457, 'Parroquia', 'Los Cortijos'),
(1558, 457, 'Parroquia', 'Marcial Hernández'),
(1559, 458, 'Parroquia', 'Santa Rita'),
(1560, 458, 'Parroquia', 'El Mene'),
(1561, 458, 'Parroquia', 'Pedro Lucas Urribarrí'),
(1562, 458, 'Parroquia', 'José Cenobio Urribarrí'),
(1563, 459, 'Parroquia', 'Rafael Maria Baralt'),
(1564, 459, 'Parroquia', 'Manuel Manrique'),
(1565, 459, 'Parroquia', 'Rafael Urdaneta'),
(1566, 460, 'Parroquia', 'Bobures'),
(1567, 460, 'Parroquia', 'Gibraltar'),
(1568, 460, 'Parroquia', 'Heras'),
(1569, 460, 'Parroquia', 'Monseñor Arturo Álvarez'),
(1570, 460, 'Parroquia', 'Rómulo Gallegos'),
(1571, 460, 'Parroquia', 'El Batey'),
(1572, 461, 'Parroquia', 'Rafael Urdaneta'),
(1573, 461, 'Parroquia', 'La Victoria'),
(1574, 461, 'Parroquia', 'Raúl Cuenca'),
(1575, 447, 'Parroquia', 'Sinamaica'),
(1576, 447, 'Parroquia', 'Alta Guajira'),
(1577, 447, 'Parroquia', 'Elías Sánchez Rubio'),
(1578, 447, 'Parroquia', 'Guajira'),
(1579, 462, 'Parroquia', 'Altagracia'),
(1580, 462, 'Parroquia', 'Antímano'),
(1581, 462, 'Parroquia', 'Caricuao'),
(1582, 462, 'Parroquia', 'Catedral'),
(1583, 462, 'Parroquia', 'Coche'),
(1584, 462, 'Parroquia', 'El Junquito'),
(1585, 462, 'Parroquia', 'El Paraíso'),
(1586, 462, 'Parroquia', 'El Recreo'),
(1587, 462, 'Parroquia', 'El Valle'),
(1588, 462, 'Parroquia', 'La Candelaria'),
(1589, 462, 'Parroquia', 'La Pastora'),
(1590, 462, 'Parroquia', 'La Vega'),
(1591, 462, 'Parroquia', 'Macarao'),
(1592, 462, 'Parroquia', 'San Agustín'),
(1593, 462, 'Parroquia', 'San Bernardino'),
(1594, 462, 'Parroquia', 'San José'),
(1595, 462, 'Parroquia', 'San Juan'),
(1596, 462, 'Parroquia', 'San Pedro'),
(1597, 462, 'Parroquia', 'Santa Rosalía'),
(1598, 462, 'Parroquia', 'Santa Teresa'),
(1599, 462, 'Parroquia', 'Sucre (Catia)'),
(1600, 462, 'Parroquia', '23 de enero');

-- INSERT DE TIENDA

insert into tienda(t_tipoTamano, t_nombre, fk_lugar, t_imagen) values
	('Mini Candy Shop', 'Mini Candy Shop - El Cafetal', 1073, 'tienda-1.jpg'), -- El Cafetal
	('Mini Candy Shop', 'Mini Candy Shop - Chiquinquirá', 1534, 'tienda-1.jpg'), -- Maracaibo
	('Mini Candy Shop', 'Mini Candy Shop - El Cují', 926, 'tienda-1.jpg'), -- Barquisimeto
	('Mini Candy Shop', 'Mini Candy Shop - Edmundo Barrios', 541, 'tienda-1.jpg'), -- El Tigre
	('Mini Candy Shop', 'Mini Candy Shop - Guanare', 1188, 'tienda-1.jpg'), -- Guanare
	('Mini Candy Shop', 'Mini Candy Shop - Carirubana', 811, 'tienda-1.jpg'), -- Paraguaná
	('Mini Candy Shop', 'Mini Candy Shop - Camaguán', 879, 'tienda-1.jpg'), -- Valle la Pascua
	('Mini Candy Shop', 'Mini Candy Shop - Jáuregui', 1304, 'tienda-1.jpg'), -- Ureña
	('Mini Candy Shop', 'Mini Candy Shop - Vista al Sol', 678, 'tienda-1.jpg'), -- San Félix
	('Mini Candy Shop', 'Mini Candy Shop - Camacaro', 958, 'tienda-1.jpg'), -- Carora
	('Mini Candy Shop', 'Mini Candy Shop - Payara', 1202, 'tienda-1.jpg'), -- Acarigua
	('Mini Candy Shop', 'Mini Candy Shop - Cárdenas', 1289, 'tienda-1.jpg'), -- Táriba
	('Mini Candy Shop', 'Mini Candy Shop - Petare', 1110, 'tienda-1.jpg'), -- Petare
	('Mini Candy Shop', 'Mini Candy Shop - Las Delicias', 575, 'tienda-1.jpg'), -- Maracay
	('Mini Candy Shop', 'Mini Candy Shop - Pozo Verde', 679, 'tienda-1.jpg'), -- Puerto Ordaz
	('Mini Candy Shop', 'Mini Candy Shop - La Concordia', 1331, 'tienda-1.jpg'), -- San Cristóbal
	('Mini Candy Shop', 'Mini Candy Shop - Los Teques', 1087, 'tienda-1.jpg'), -- Los Teques
	('Mini Candy Shop', 'Mini Candy Shop - Anaco', 488, 'tienda-1.jpg'), -- Anaco
	('Mini Candy Shop', 'Mini Candy Shop - San Casimiro', 595, 'tienda-1.jpg'), -- San Casimiro
	('Mini Candy Shop', 'Mini Candy Shop - San Antonio de los Altos', 1097, 'tienda-1.jpg'), -- San Antonio de los Altos
	('Mini Candy Shop', 'Mini Candy Shop - Antímano', 1580, 'tienda-1.jpg'), -- Antímano
	('Mini Candy Shop', 'Mini Candy Shop - Catia La Mar', 1444, 'tienda-1.jpg'), -- La Guaira
	('Mini Candy Shop', 'Mini Candy Shop - Aguirre', 1170, 'tienda-1.jpg'), -- Margarita
	('Mini Candy Shop', 'Mini Candy Shop - Guanta', 502, 'tienda-1.jpg'), -- Guanta
	('Mini Candy Shop', 'Mini Candy Shop - Puerto La Cruz', 512, 'tienda-1.jpg'), -- Puerto La Cruz
	('Mini Candy Shop', 'Mini Candy Shop - Santa María de Caparo', 1037, 'tienda-1.jpg'), -- Mérida
	('Mini Candy Shop', 'Mini Candy Shop - Barinas', 631, 'tienda-1.jpg'), -- Barinas
	('Mini Candy Shop', 'Mini Candy Shop - Tucacas', 841, 'tienda-1.jpg'), -- Tucacas
	('Mini Candy Shop', 'Mini Candy Shop - Punta Gorda', 1487, 'tienda-1.jpg'), -- Costa Oriental del Lago
	('Mini Candy Shop', 'Mini Candy Shop - La Victoria', 1573, 'tienda-1.jpg'), -- 	La Victoria
	('Mini Candy Shop', 'Mini Candy Shop - Magdaleno', 615, 'tienda-1.jpg'), -- Villa de Cura
	('Mini Candy Shop', 'Mini Candy Shop - Alonso de Ojeda', 1512, 'tienda-1.jpg'), -- Ciudad Ojeda
	('Mini Candy Shop', 'Mini Candy Shop - La Sabanita', 698, 'tienda-1.jpg'), -- Ciudad Bolívar
	('Mini Candy Shop', 'Mini Candy Shop - Bergantín', 535, 'tienda-1.jpg'), -- Barcelona
	('Mini Candy Shop', 'Mini Candy Shop - San Fernando', 565, 'tienda-1.jpg'), -- San Fernando de Apure
	('Mini Candy Shop', 'Mini Candy Shop - San Blas', 752, 'tienda-1.jpg'), -- Valencia
	('Mini Candy Shop', 'Mini Candy Shop - Maiquetía', 1448, 'tienda-1.jpg'), -- Maiquetía
	('Mini Candy Shop', 'Mini Candy Shop - Maracapana', 1243, 'tienda-1.jpg'), -- Carúpano
	('Mini Candy Shop', 'Mini Candy Shop - Mitare', 849, 'tienda-1.jpg'), -- Coro
	('Mini Candy Shop', 'Mini Candy Shop - Matriz', 1425, 'tienda-1.jpg'), -- Trujillo
	('Candy Shop', 'Candy Shop - Caracas', 1585, 'tienda-1.jpg'), -- Caracas (Sede Principal)
	('Candy Shop - virtual', 'Candy Shop - Caracas', 1585, 'tienda-1.jpg'); --tienda virtual

-- INSERT DE CLIENTE JURIDICO

insert into clientejuridico(
						c_j_rif, 
						c_j_correo, 
						c_j_dcomercial, 
						c_j_razonsocial,
						c_j_sitioweb, 
						c_j_capital, 
						fk_Lugar, 
						fk_tienda) values 
	(7941589,'t6qorwmj7@lycos.nl','CASADEROS SL','CASADEROS SL','lycos.nl',150000000,1585,1),--1
	(93561785,'xetslmjgs@journalism.com','ATOMIZE SL','ATOMIZE SL','journalism.com',150000000,1585,1),--2
	(16943631,'46g18ukn3@msn.co.uk','FRAMOR SL','FRAMOR SL','msn.co.uk',250000000,1425,2),--3
	(5140801,'djfyn20r1o@yahoo.es','NORTOR SA','NORTOR SA','yahoo.es',251000000,1425,2),--4
	(7135453,'8s15ukq1h@lycos.at','OXYLEX SL','OXYLEX SL','lycos.at',55000000,849,3),--5
	(18242552,'5elrkdvbs1@techie.com','RUSCAPE SL','RUSCAPE SL','techie.com',55000000,849,3),--6
	(41222746,'3trboi4sd@iname.com','HASCOPE SA','HASCOPE SA','iname.com',150000000,1243,4),--7
	(0360485,'67ydyakkhx@teacher.com','LOCANE SA','LOCANE SA','teacher.com',250000000,1243,4),--8
	(30582324,'hgeicyqc6@lycos.co.uk','ORACULACE SA','ORACULACE SA','lycos.co.uk',251000000,1448,5),--9
	(2176557,'mazem7ebyw@yahoo.com','TASH SL','TASH SL','tash.com',88513000,1448,5),--10
	(6221322,'11eno2eli@earthling.net','ENDOLIGA SA','ENDOLIGA SA','earthling.net',55000000,752,6),--11
	(8978093,'z9d26eov@lycos.de','GENEXANG  SL','GENEXANG  SL','lycos.de',251000000,752,6),--12
	(2568349,'dw2pqnkz1@journalism.com','WESIZE SL','WESIZE SL','dfournalism.com',150000000,565,7),--13
	(00561977,'ovfy2e6qe@aol.com','UTOX SA','UTOX SA','aoly.com',150000000,565,7),--14
	(79105540,'i9tzthd9@netscape.com','RATIODEUS SA','RATIODEUS SA','nestscape.com',250000000,535,8),--15
	(86477726,'wpqqmg0c8@email.com','TOPPIX SL','TOPPIX SL','toppix.com',222565888,535,8),--16
	(54933866,'e38a26hl@lycos.nl','PLEXONG SA','PLEXONG SA','plexong.me',658412999,698,9),--17
	(76045442,'zi7dgreqf@btinternet.com','GENRAPE SA','GENRAPE SA','genrape.com',740258963,698,9),--18
	(0361119,'86ikextf9f@journalism.com','SCIELEX SL','SCIELEX SL','scielex.com',852456357,1512,10),--19
	(85731743,'ppig1vu6d@yahoo.com','HEROCAL SL','HEROCAL SL','herocal.es',658412999,1512,10),--20
	(0016553,'vnuqx37c6@netscape.com','ECOREUX SA','ECOREUX SA','exoreux.no',150000000,615,11),--21
	(99984296,'w4qla8t4o@blu.it','XYLEKONE SL','XYLEKONE SL','xylekone.es',357951789,615,11),--22
	(4394645,'98a31p56xx@aol.com','SOLIDACE SL','SOLIDACE SL','solidace.com.ve',251000000,1573,12),--23
	(92394915,'ltqc8hlm@blu.it','MATERET SL','MATERET SL','materet.com',658412999,1573,12),--24
	(54213681,'9rsuu7cx9@iname.com','PARARET SL','PARARET SL','pararet.net',222565888,1487,13),--25
	(63347793,'msfuotuopd@journalism.com','SPACUS SA','SPACUS SA','spacusweb.com',55000000,1487,13),--26
	(65702565,'qu4m0n2m2s@talk21.com','WESIZE SL','WESIZE SL','wesize24.com',67412398,841,14),--27
	(7759434,'iugsadx923@netscape.net','MEDIKEN SL','MEDIKEN SL','medikenz.org',101020598,841,14),--28
	(89445910,'30ljvw5bsx@caramail.com','MESOGUTE SL','MESOGUTE SL','mesogute.com',89445910,631,15),--29
	(07705783,'7c0b240h@earthling.net','IDIOCK SL','IDIOCK SL','idiock.org',7705783,631,15),--30
	(0665596,'8itmsi8c@caramail.com','VITAWASTRE SL','VITAWASTRE SL','vitawastre.com',222555777,1037,16),--31
	(8648346,'mft0n0cyv@msn.com','CATAGASH SL','CATAGASH SL','catagash.com',888444111,1037,16),--32
	(88121140,'f7d36iiii@btinternet.com','Candy Inc','Candy Inc','candyinc.com',888444111,512,17),--33
	(85245698,'megacaramelos@correo.com','Mega caramelos','Mega caramelos','megacaramelos.com',753951789,512,17),--34
	(96358265,'labodeguita@mail.com','La bodeguita','La bodeguita','labodeguita.com',32156897,502,18),--35
	(5454639,'caramelospancho@mail.com','Caramelos Pancho','Caramelos Pancho','caramelospancho.com',5252526,502,18),--36
	(5457482,'maydaty@mail.com','May Daty', 'May Daty', 'maydaty.com', 222565888,1170,19),--37
	(8784823,'industriescandy@mail.com','Industries Candy','Industries Candy','industriescandy.com',658412999,1170,19),--38
	(6157756,'sixpackcaramelos@gmail.com','Six Pack Caramelos','Six Pack Caramelos','sixpackcaramelos.com',150000000,1444,20),--39
	(2254893,'candygorilla@mail.com','Candy Gorilla','Candy Gorilla','candygorilla.com',55000000,1444,20),--40
	(81125140,'monkeycandy@mail.com','Monkey Candy','Monkey Candy','monkeycandy.com',89445910,1580,21),--41
	(17705593,'astellana@mail.com','Astellana CA','Astellana CA','astellana.com',55000000,1580,21),--42
	(66655841,'makro@mail.com','Makro','Makro','makro.com',32156897,1097,22),--43
	(65723955,'centralmadeirense@mail.com','Central Madeirense','Central Madeirense','madeirense.com',2525255,1097,22),--44
	(56454917,'copito@mail.com','Copito CA','Copito CA','copitoca.com',32156897,595,23),--45
	(18159552,'Slay@gmail.com','Slay CA','Slay CA','slayca.com',222565888,595,23),--46
	(18159553,'billycandy@gmail.com','Billy Candy','Billy Candy','billycandy.com',222565888,488,24),--47
	(18159554,'directcandy@gmail.com','Direct Candy','Direct Candy','directcandy.com',7705783,488,24),--48
	(18159555,'Logic@mail.com','Logic CA','Logic CA','logicca.com',101020598,1087,25),--49
	(18159556,'Controlcandy@mail.com','Control Candy','Control Candy','controlcandy.com',101020598,1087,25),--50
	(18159557,'powerinc@mail.com','Power Inc','Power Inc','powerinc.com',55268794,1331,26),--51
	(18159559,'powerrhino@mail.com','Power Rhino INC','Power Rhino INC','powerrhino.com',150000000,679,26),--52
	(18159560,'KINENS@mail.com','KINENS CA','KINENS CA','KINENSCA.net',55268794,679,27),--53
	(18159561,'WABULB@mail.com','WABULB INC','WABULB INC','WABULB.com',56565656,575,27),--54
	(18159562,'THEPH@THEPH.com','THEPH CA','THEPH CA','THEPH.net',56565656,575,28),--55
	(18159563,'HINE@HINE.net','HINE INC','HINE INC','HINE.com',7705783,1110,28),--56
	(18159564,'stadler@mail.com','Stadler CA','Stadler CA','stadler.com',7705783,1110,29),--57
	(18159565,'caramelosgalaxy@mail.com','Caramelos Galaxy','Caramelos Galaxy','caramelosgalaxy.com',222565888,1289,29),--58
	(18159566,'afrodita@mail.com','Afrodita Candy','Afrodita Candy','afroditacandy.com',222565888,1289,30),--59
	(18159567,'pegasuscandy@mail.com','Pegasus Candy CA','Pegasus Candy CA','pegasuscandy.com',222565888,1202,30),--60
	(18159568,'candycandy@mail.com','Candy Candy CA','Candy Candy CA','candycandy.com',222565888,1202,31),--61
	(81125141,'suizacandy@mail.com','Suiza Candy CA','Suiza Candy CA','suizacandy.com',15515519,958,31),--62
	(81125142,'Madrileros@mail.com','Madrid Golosinas','Madrid Golosinas','Madrileros.com',15515519,958,32),--63
	(81226143,'delicias@mail.com','Delicias CA','Delicias CA','delicias.com',222565888,678,32),--64
	(81125143,'polar@mail.com','Empresas Polar CA','Empresas Polar CA','polarca.com',2225658885,678,33),--65
	(81125144,'nestle@mail.com','Nestle INC','Nestle INC','nestle.com',2225658885,1304,33),--66
	(81125145,'nesquick@mail.com','Nesquick CA','Nesquick CA','nesquick.com',101020598,1304,34),--67
	(81125146,'lays@mail.com','Lays Inc','Lays Inc','lays.com',101020598,879,34),--68
	(81125147,'ricolin@mail.com','Rico Rico CA','Rico Rico CA','ricorico.com',2225658885,879,35),--69
	(81125148,'pirulin@gmail.com','Pirulin CA','Pirulin CA','pirulin.com',56565656,811,35),--70
	(81125149,'chococrispy@mail.com','Chococrispy Inc','Chococrispy Inc','chococrispy.com',101020598,811,36),--71
	(81125150,'kellogs@mail.com','Kellogs Inc','Kellogs Inc','kellogs.com',101020598,1188,36),--72
	(81125151,'yosemite@mail.com','Yosemite CA','Yosemite CA','yosemite.com',222565888,1188,37),--73
	(81125152,'grupocandy@mail.com','Grupo Candy CA','Grupo Candy CA','grupocandy.com',740258963,541,37),--74
	(81125153,'asociaciondulce@mail.com','Asociación Dulce','Asociación Dulce','asociaciondulce.com',740258963,541,38),--75
	(81125154,'dulcelandia@mail.co','Dulce Landia','Dulce Landia','dulcelandia.com',740258963,926,38),--76
	(81125155,'everdulce@gmail.com','Ever Dulce CA','Ever Dulce CA','everdulce.com',150000000,926,39),--77
	(81125156,'foreversweet@gmail.com','Forever Sweet Inc','Forever Sweet Inc','foreversweet.com',150000000,1534,39),--78
	(81125157,'Candyfactory@mail.com','Candy Factory CA','Candy Factory CA','candyfactory.com',150000000,1534,40),--79
	(54546391,'FunnyCandy@gmail.com','Funny Candy','Funny Candy','funny.com',888888999,1073,40),--80
	(54546392,'caramelitos@mail.com','Caramelitos CA','Caramelitos CA','caramelitos.com',5558881117,1073,41),--81
	(54546393,'chococaramelos@mail.com','Chococaramelos Inc','Chococaramelos Inc','chococaramelos.com',5558881117,1073,41);--82

-- INSERT DE CLIENTE NATURAL

insert into clientenatural(
						C_N_rif, 
						C_N_cedula, 
						C_N_papellido, 
						C_N_sapellido,
						C_N_pnombre, 
						C_N_snombre, 
						C_N_correo, 
						fk_Lugar, 
						fk_tienda) values 
	(01562723,01562723,'Acevedo','Manríquez','María','Mireya','1@correo.com',1073,1),
	(43767821,43767821,'Acosta','Canto','Tomás','José','2@correo.com',1073,1),
	(34047172,34047172,'Aguilar','Dorantes','Irma','Gabriella','3@correo.com',1534,2),
	(26634858,26634858,'Alarcón','Licona','Salomón','Carlos','4@correo.com',1534,2),
	(06585295,06585295,'Alatriste','Pérez','Hipólito','Pedro','5@correo.com',926,3),
	(10509381,10509381,'Alcántar','Camacho','José','Israel','6@correo.com',926,3),
	(51854385,51854385,'Alcoverde','Martínez','Roberto','Antonio','7@correo.com',541,4),
	(79200975,79200975,'Alderete','Porras','Jacinta','Guillermina','8@correo.com',541,4),
	(98790813,98790813,'Alejo','Guerrero','Víctor','Hugo','9@correo.com',1188,5),
	(37178651,37178651,'Alemán','Mundo','Marcial','Augusto','10@correo.com',1188,5),
	(23941923,23941923,'Almogabar','Santos','Rocío','María','11@correo.com',811,6),
	(78623649,78623649,'Alonso','Ibarra','Pascual','Gerardo','12@correo.com',811,6),
	(97875349,97875349,'Alonso','Navarro','Jadilson','Mariano','13@correo.com',879,7),
	(46968276,46968276,'Altamirano','García','Enrique','Alí','14@correo.com',879,7),
	(66870102,66870102,'Alvarado','Barbosa','Jesús','David','15@correo.com',1304,8),
	(26384521,26384521,'Álvarez','Martínez','Verónica','Sofía','16@correo.com',1304,8),
	(40726141,40726141,'Amaya','Salvador','Arturo','Ramiro','17@correo.com',678,9),
	(11240495,11240495,'Andrade','Bujanda','Rafael','Ramiro','18@correo.com',678,9),
	(54043983,54043983,'Angulo','Garfias','Raúl','Gabriel','19@correo.com',958,10),
	(03772002,03772002,'Antemate','Chigo','Miguel','Ángel','20@correo.com',958,10),
	(93517277,93517277,'Antonio','Palomeque','Armando','Samuel','21@correo.com',1202,11),
	(20669910,20669910,'Anzures','Valladares','Martha','Concepción','22@correo.com',1202,11),
	(78889186,78889186,'Aquiles','Villaseñor','Gustavo','Junior','23@correo.com',1289,12),
	(13436584,13436584,'Aragón','Jiménez','Castro','Alfredo','24@correo.com',1289,12),
	(31389865,31389865,'Arbea','Pérez','Alberto','Keiros','25@correo.com',1110,13),
	(71915041,71915041,'Argumosa','López','Rosalía','Victoria','26@correo.com',1110,13),
	(23718243,23718243,'Arias','Rodríguez','Socorro','Mariana','27@correo.com',575,14),
	(82595930,82595930,'Armenta','Romero','Óscar','Guillermo','28@correo.com',575,14),
	(46007106,46007106,'Arnaud','Viñas','Javier','Enrique','29@correo.com',679,15),
	(50915919,50915919,'Arredondo','Ovalle','Javier','Leonardo','30@correo.com',679,15),
	(93848643,93848643,'Arreola','Amante','Luis','Fernando','31@correo.com',1331,16),
	(29365687,29365687,'Arreygue','Arreygue','Adolfo','Marino','32@correo.com',1331,16),
	(31394556,31394556,'Arrona','Paredes','Joaquín','Hugo','33@correo.com',1087,17),
	(03002571,03002571,'Ascencio','López','María','Yolanda','34@correo.com',1087,17),
	(74207335,74207335,'Ávalos','Mendoza','Miguel','Martin','35@correo.com',488,18),
	(93354288,93354288,'Avendaño','Núñez','María','del Socorro','36@correo.com',488,18),
	(60400120,60400120,'Avianeda','Chávez','Alfonso','José','37@correo.com',595,19),
	(07314744,07314744,'Ávila','Becerril','José','Ambrosio','38@correo.com',595,19),
	(01583583,01583583,'Ayala','Jiménez','Sandra','Walkyria','39@correo.com',1097,20),
	(64344259,64344259,'Ayala','Quijano','Mario','Andrés','40@correo.com',1097,20),
	(62412554,62412554,'Bacab','Pech','Guillermo','Batman','41@correo.com',1580,21),

	(08591356,08591356,'Báez','Chávez','Ángel','Salvador','42@correo.com',1580,21),
	(41507470,41507470,'Balderas','Flores','Luis','Alberto','43@correo.com',1444,22),
	(74222799,74222799,'Ballesteros','González','Francisco','Kent','44@correo.com',1444,22),
	(30443881,30443881,'Ballesteros','Gutiérrez','Rubio','Raúl','45@correo.com',1170,23),
	(53410590,53410590,'Baltazar','Cedeño','Laura','Elizabeth','46@correo.com',1170,23),
	(82328821,82328821,'Baltazar','Cedeño','Luis','Rubén','47@correo.com',502,24),
	(95736688,95736688,'Banda','Jiménez','Francisco','Ricardo','48@correo.com',502,24),
	(75905916,75905916,'Banderas','Rocha','Vicente','Arturo','49@correo.com',512,25),
	(34021681,34021681,'Barraza','Uribe','Enrique','Luis','50@correo.com',512,25),
	(77227848,77227848,'Barreto','López','Juan','Ramón','51@correo.com',1037,26),
	(81507581,81507581,'Basaldúa','Ramírez','Matilde','Mar','52@correo.com',1037,26),
	(26139607,26139607,'Bautista','Encina','Alfredo','Manuel','53@correo.com',631,27),
	(18632325,18632325,'Bautista','Mejía','Alejandro','Jesús','54@correo.com',631,27),
	(26382927,26382927,'Bautista','Vázquez','Juan','Miguel','55@correo.com',841,28),
	(15033234,15033234,'Benítez','Ferrusquía','Gregorio','Ángel','56@correo.com',841,28),
	(77525784,77525784,'Bermúdez','Manrique','José','Antonio','57@correo.com',1487,29),
	(75666229,75666229,'Bermúdez','Manrique','Salvador','Antonio','58@correo.com',1487,29),
	(67373780,67373780,'Bernal','Rosales','Gigliola','Taide','59@correo.com',1573,30),
	(57218703,57218703,'Betancourt','Vázquez','Miguel','Ángel','60@correo.com',1573,30),
	(72322467,72322467,'Betanzos','Torres','Noel','Santa','61@correo.com',615,31),
	(91603981,91603981,'Blanco','Velasco','Humberto','Alejandro','62@correo.com',615,31),
	(82774200,82774200,'Bremermann','Borraz','Moisés','Eduardo','63@correo.com',1512,32),
	(13557976,13557976,'Briseño','Arias','Abel','Paco','64@correo.com',1512,32),
	(83274006,83274006,'Buenfil','Díaz','Iván','Santiago','65@correo.com',698,33),
	(68075665,68075665,'Burguete','García','Miguel','Ángel','66@correo.com',698,33),
	(60495046,60495046,'Bustamante','Guerrero','Jeremias','Guadalupe','67@correo.com',535,34),
	(62763475,62763475,'Caballero','Green','Francisco','Knight','68@correo.com',535,34),
	(49098765,49098765,'Cadena','Palacios','Juana','Patricia','69@correo.com',565,35),
	(59850308,59850308,'Calvillo','Carrasco','Juan','Gabriel','70@correo.com',565,35),
	(84606715,84606715,'Camacho','Cárdenas','Sandra','Verónica','71@correo.com',752,36),
	(22161607,22161607,'Camacho','Pérez','Jorge','Alberto','72@correo.com',752,36),
	(08032506,08032506,'Cámara','Contreras','César','Armando','73@correo.com',1448,37),
	(05329726,05329726,'Camarillo','Palafox','Dante','Adrián','74@correo.com',1448,37),
	(77045520,77045520,'Campos','Campos','María','de Lourdes','75@correo.com',1243,38),
	(12670360,12670360,'Campos','Saito','Jorge','Alonso','76@correo.com',1243,38),
	(44054480,44054480,'Cancino','Pérez','Enoch','José','77@correo.com',849,39),
	(39952932,39952932,'Cano','Figueroa','Erick','Fernando','78@correo.com',849,39),
	(54942651,54942651,'Canseco','Sosa','Bethsabé','Isa','79@correo.com',1425,40),
	(62122146,62122146,'Cantoya','Herrejón','Enrique','Matias','80@correo.com',1425,40),
	(68769838,68769838,'Cárdenas','Cornejo','Marco','Antonio','81@correo.com',1585,41),
	(74022421,74022421,'Cárdenas','Gómez','Cosme','Ernesto','82@correo.com',1585,41);

--insert roles

insert into roles values(1,'admin','Administrador');
insert into roles values(2,'user','Usuario');
insert into roles values(3,'empleado','Admin Diario');
insert into roles values(4,'empleado','Asistencia');
insert into roles values(5,'empleado','Mantenimiento');
insert into roles values(6,'empleado','Vendedor');
insert into roles values(7,'empleado','Lider de producto');
insert into roles values(8,'empleado','Manejador de social media');
insert into roles values(9,'empleado','Traductor');
insert into roles values(10,'empleado','Publicista');

--insert de productos

update producto set fk_tienda = 1 where p_cod = 1;
update producto set fk_tienda = 1 where p_cod = 2;
update producto set fk_tienda = 2 where p_cod = 3;
update producto set fk_tienda = 3 where p_cod = 4;
update producto set fk_tienda = 1 where p_cod = 5;
update producto set fk_tienda = 2 where p_cod = 6;
update producto set fk_tienda = 1 where p_cod = 7;
update producto set fk_tienda = 4 where p_cod = 8;
update producto set fk_tienda = 15 where p_cod = 9;
update producto set fk_tienda = 1 where p_cod = 10;

  insert into Producto(p_cod,p_nombre,p_tipo,p_precio,p_imagen,p_descripcion,p_cantidad,updated_at,created_at, fk_tienda) values
(1,'Chupetas Rimbombin','Chupeta',70000.99 ,'rimbombin.jpg','El famoso caramelo con palo ideado por Enric Bernat en 1958 sigue de actualidad en nuestros días. Personajes como Johan Cruyff, Rivaldo, etc',10000,null,null,1),
(2,'Ricolin','caramelo',5500 ,'ricolin.jpg','Los primeros Ricolin se fabricaron en la década de 1990, como supresores de la tos. Hoy en día Ricolin es la marca líder en el segmento de los caramelos de bolsillo en Venezuela',5505,null,null,1),
(3,'Los Firi Firi','caramelo',12345,'firi.jpg','Se introducen en el mercado en 1994, teniendo como objetivo un público adulto. Son pastillas que proporcionan frescura, y en ello basan sus campañas publicitarias. Desde el año 1994 hasta hoy', 4804,null,null,2),
(4,'Chupeta de Corazón','chupeta',8777,'corazon.jpg','En el año 2005 decidimos apostar; gracias al éxito del caramelo Ricura; a la combinación del dulce y picante, por eso se crean unas chupetas en forma de corazón que tienen aspecto sutil',7753,null,null,3),
(5,'Los Pirulitos','caramelo',7666 ,'pirulitos.jpg','Son caramelos blandos que reciben su nombre por la forma alargada con la que se presentan. Tradicionalmente eran de sabor fresa', 5678,null,null,1),
(6,'Ricura','chicle', 25000,'ricura.jpg','Se introducen en el mercado en el año 2002 como una edición especial, por su particular combinación de sabores, tanto fue el éxito que son parte de la producción actual de la', 1234,null,null,2),
(7,'El Original','caramelo',8000,'original.jpg','Un producto clásico de confitería adulta, que aúna un sabor refrescante y agradable con el efecto de aliviar la irritación de garganta y despejar las vías respiratorias',8765,null,null,1),
(8,'Dulcin','caramelo', 12000,'dulcin.jpg','La receta original es procedente de España del año 1961, pero Candy hizo una adaptación de la receta con productos locales (venezolanos) son los caramelos blandos más conocidos de Candy UCAB,',543,null,null,4),
(9,'Choco Candy','chocolate',450000 ,'chococandy.jpg','Candy en el año 2005 adaptó la receta agregando un ingrediente especial (el chocolate). Hoy en día los caramelos Choco son líderes en caramelos de chocolate',287,null,null,15),
(10,'Blue','caramelo',35000,'blue.jpg','Al término de la guerra civil, Javier Ramírez regresó a Navarra tras un exilio en Francia. Fue entonces cuando inventó un caramelo que hoy día sigue siendo un éxito',653,null,null,1);

    -- insert de status
    
insert into status values(1,'Listo');
insert into status values(2,'Send-Fabrica');
insert into status values(3,'Send-Pedido');


    -- insert de contacto
insert into CONTACTO values(1 ,'Jorge','primo');
insert into CONTACTO values( 2,'Alejandro','primo');
insert into CONTACTO values( 3,'Elias','hermano');
insert into CONTACTO values( 4,'Jose','hermano');
insert into CONTACTO values( 5,'Gabriel','tio');
insert into CONTACTO values( 6,'Herick','tio');
insert into CONTACTO values( 7,'Miguel','tio');
insert into CONTACTO values( 8,'Jormary','Mamá');
insert into CONTACTO values( 9,'Camila','papa');
insert into CONTACTO values( 10,'Maria','Hijo');
insert into CONTACTO values(11,'Lucho','Hijo');
insert into CONTACTO values(12,'Luis','Hijo');
insert into CONTACTO values(13,'Juan','Hijo');
insert into CONTACTO values(14,'Rebeca','Mamá');
insert into CONTACTO values(15,'Carolina','Tia');
insert into CONTACTO values(16,'Laura','Tia');
insert into CONTACTO values(17,'Valeria','Tia');
insert into CONTACTO values(18,'Miriam','Tia');
insert into CONTACTO values(19,'Manuela','Tia');
insert into CONTACTO values(20,'Pablo','Padrastro');
insert into CONTACTO values(21,'Mercedes','Padrastro');
insert into CONTACTO values(22,'Nazareth','Padrastro');
insert into CONTACTO values(23,'Dexire','Padrastro');
insert into CONTACTO values(24,'Sara','Padrastro');
insert into CONTACTO values(25,'Daniela','Padrastro');
insert into CONTACTO values(26,'Dayana','Mamá');
insert into CONTACTO values(27,'Karla','Papá');
insert into CONTACTO values(28,'Kelly','Papá');
insert into CONTACTO values(29,'Katherine','Papá');
insert into CONTACTO values(30,'Xiomara','Papá');
insert into CONTACTO values(31,'Felicia','Papá');
insert into CONTACTO values(32,'Carlos','Papá');
insert into CONTACTO values(33,'Natalia','Papá');
insert into CONTACTO values(34,'Lionel','Hijo');
insert into CONTACTO values(35,'Isabella','Tia');
insert into CONTACTO values(36,'Mariam','Tia');
insert into CONTACTO values(37,'Maximo','Tia');
insert into CONTACTO values(38,'Bianca','Tia');
insert into CONTACTO values(39,'Roberto','Tia');
insert into CONTACTO values(40,'Andy','Tio');
insert into CONTACTO values(41,'Vanessa','Mamá');
insert into CONTACTO values(42,'Maribel','Mamá');
insert into CONTACTO values(43,'Victor','Papá');
insert into CONTACTO values(44,'Jimy','Mamá');
insert into CONTACTO values(45,'Yuliana','Mamá');
insert into CONTACTO values(46,'Eliana','Mamá');
insert into CONTACTO values(47,'Nina','Hijo');
insert into CONTACTO values(48,'Pedro','Hijo');
insert into CONTACTO values(49,'Sofia','Suegro');
insert into CONTACTO values(50,'Betania','Suegro');
insert into CONTACTO values(51,'Gabriela','Suegro');
insert into CONTACTO values(52,'Graciela','Suegro');
insert into CONTACTO values(53,'Veronica','Suegro');
insert into CONTACTO values(54,'Yuleixi','Suegro');
insert into CONTACTO values(55,'Franchecha','cuñado');
insert into CONTACTO values(56,'Joan','cuñado');
insert into CONTACTO values(57,'David','cuñado');
insert into CONTACTO values(58,'Juliana','cuñado');
insert into CONTACTO values(59,'Manuel','cuñado');
insert into CONTACTO values(60,'Gregorio','cuñado');
insert into CONTACTO values(61,'Emirse','Yerno');
insert into CONTACTO values(62,'Zulema','Yerno');
insert into CONTACTO values(63,'Yamira','Yerno');
insert into CONTACTO values(64,'Estefany','Yerno');
insert into CONTACTO values(65,'Wendy','Yerno');
insert into CONTACTO values(66,'Emilio','Yerno');
insert into CONTACTO values(67,'Ronald','Yerno');
insert into CONTACTO values(68,'Ana','Yerno');
insert into CONTACTO values(69,'Karina','Yerno');
insert into CONTACTO values(70,'Marianny','tio');
insert into CONTACTO values(71,'Valentina','Madre');
insert into CONTACTO values(72,'Andrea','Madre');
insert into CONTACTO values(73,'Andres','Madre');
insert into CONTACTO values(74,'Berta','Madre');
insert into CONTACTO values(75,'Felipe','Padrastro');
insert into CONTACTO values(76,'Demian','Padrastro');
insert into CONTACTO values(77,'Cesar','Padrastro');
insert into CONTACTO values(78,'Angel','Padrastro');
insert into CONTACTO values(79,'Kiara','Tia');
insert into CONTACTO values(80,'Yoleinys','Tia');
insert into CONTACTO values(81,'Amelia','Tia');
insert into CONTACTO values(82,'Nathaly','Hermana');
insert into CONTACTO values(83,'Vanessa','Hermana');
insert into CONTACTO values(84,'Sofia','Hermana');
insert into CONTACTO values(85,'Ruperta','Hermana');
insert into CONTACTO values(86,'Andres','Hijo');
insert into CONTACTO values(87,'Alejandro','Hijo');
insert into CONTACTO values(88,'Bianca','Esposa');
insert into CONTACTO values(89,'Camila','Esposa');
insert into CONTACTO values(90,'Dayana','Esposa');
insert into CONTACTO values(91,'Freddy','Esposo');
insert into CONTACTO values(92,'Gabriela','Esposa');
insert into CONTACTO values(93,'Jimy','Esposo');
insert into CONTACTO values(94,'Valentina','Esposa');

-- INSERT DE SALARIO

insert into salario(S_numero,S_monto,S_descuento) values
	(1,500000,9),
	(2,700000,5),
	(3,800000,3),
	(4,900000,8),
	(5,2500000,5);

-- INSERT DE EMPLEADO

insert into empleado(E_ci,E_nacionalidad,E_especialidad,E_fecha_ingreso,FK_salario,FK_tienda) values
	(22014000,'V','Gerente','2008/11/25',5,1),--1
	(22014001,'V','Gerente','2009/05/21',5,2),--2
	(22014002,'E','Gerente','2010/03/08',5,3),--3
	(22014003,'V','Gerente','2011/01/11',5,4),--4
	(22014004,'V','Gerente','2012/03/07',5,5),--5
	(22014005,'V','Gerente','2013/01/21',5,6),--6
	(22014006,'V','Gerente','2014/02/01',5,7),--7
	(22014007,'V','Gerente','2015/03/18',5,8),--8
	(22014008,'V','Gerente','2005/02/21',5,9),--9
	(22014009,'V','Gerente','2015/08/16',5,10),--10
	(22014010,'V','Gerente','2013/04/10',5,11),--11
	(22014011,'V','Gerente','2009/07/11',5,12),--12
	(22014012,'V','Gerente','2014/03/03',5,13),--13
	(22014013,'E','Repartidor','2015/08/16',2,14),--14
	(22014014,'E','Repartidor','2012/01/03',2,15),--15
	(22014015,'E','Repartidor','2012/01/03',3,16),--16
	(22014016,'E','Repartidor','2011/01/03',2,17),--17
	(22014017,'V','Asistencia','2017/01/05',1,18),--18
	(22014018,'V','Asistencia','2016/03/16',1,19),--19
	(22014019,'V','Asistencia','2015/05/15',2,20),--20
	(22014020,'V','Asistencia','2013/03/13',3,21),--21
	(22014021,'V','Asistencia','2018/08/22',4,22),--22
	(22014022,'V','Asistencia','2018/04/05',3,23),--23
	(22014023,'V','Asistencia','2010/07/07',1,24),--24
	(22014024,'V','Asistencia','2016/03/16',1,25),--25
	(22014025,'V','Asistencia','2011/01/11',4,26),--26
	(22014026,'V','Asistencia','2017/02/16',3,27),--27
	(22014027,'V','Asistencia','2018/03/15',3,28),--28
	(22014028,'V','Asistencia','2013/05/10',2,29),--29
	(22014029,'V','Asistencia','2011/05/12',3,30),--30
	(22014030,'V','Asistencia','2006/02/12',5,31),--31
	(22014031,'V','Asistencia','2007/07/04',3,32),--32
	(22014032,'V','Asistencia','2009/09/09',4,33),--33
	(22014033,'V','Asistencia','2003/03/12',5,34),--34
	(22014034,'E','Seguridad','2003/03/12',4,35),--35
	(22014035,'E','Seguridad','2005/05/15',4,36),--36
	(22014036,'E','Seguridad','2006/06/16',3,37),--37
	(22014037,'E','Seguridad','2007/08/16',3,38),--38
	(22014038,'E','Seguridad','2010/06/16',3,39),--39
	(22014039,'E','Seguridad','2013/06/13',3,40),--40
	(22014040,'E','Seguridad','2012/02/13',3,41),--41
	(22014042,'V','Seguridad','2011/11/23',3,1),--43
	(22014043,'V','Seguridad','2010/10/23',3,2),--44
	(22014044,'V','Seguridad','2012/12/25',3,3),--45
	(22014045,'V','Seguridad','2011/11/15',3,4),--46
	(22014046,'V','Seguridad','2008/10/03',3,5),--47
	(22014047,'V','Seguridad','2006/01/25',3,6),--48
	(22014048,'V','Seguridad','2012/12/20',3,7),--49
	(22014049,'V','Seguridad','2014/08/22',3,8),--50
	(22014050,'V','Seguridad','2011/03/12',3,9),--51
	(22014051,'V','Seguridad','2009/09/30',3,10),--52
	(22014052,'V','Seguridad','2008/08/28',3,11),--53
	(22014053,'V','Asistencia','2009/09/30',3,12),--54
	(22014054,'V','Asistencia','2007/08/16',3,13),--55
	(22014055,'V','Asistencia','2010/09/22',3,14),--56
	(22014056,'V','Asistencia','2013/05/08',3,15),--57
	(22014057,'V','Asistencia','2004/09/01',4,16),--58
	(22014058,'V','Asistencia','2010/10/30',3,17),--59
	(22014059,'V','Asistencia','2013/07/27',2,18),--60
	(22014060,'V','Asistencia','2009/07/25',2,19),--61
	(22014061,'V','Asistencia','2012/12/01',4,20),--62
	(22014062,'V','Asistencia','2015/10/02',5,21),--63
	(22014063,'V','Asistencia','2014/11/03',3,22),--64
	(22014064,'V','Asistencia','2015/12/20',4,23),--65
	(22014065,'V','Asistencia','2012/08/09',3,24),--66
	(22014066,'V','Asistencia','2013/09/09',4,25),--67
	(22014067,'V','Asistencia','2012/08/09',3,26),--68
	(22014068,'V','Asistencia','2010/11/09',1,27),--69
	(22014069,'V','Asistencia','2011/12/04',1,28),--70
	(22014070,'V','Asistencia','2005/01/25',3,29),--71
	(22014071,'V','Asistencia','2006/02/26',3,30),--72
	(22014072,'V','Asistencia','2007/06/29',3,31),--73
	(22014073,'V','Asistencia','2011/08/02',4,32),--74
	(22014074,'V','Asistencia','2007/08/21',3,33),--75
	(22014075,'V','Asistencia','2009/01/09',3,34),--76
	(22014076,'V','Asistencia','2010/10/10',3,35),--77
	(22014077,'V','Asistencia','2011/05/18',3,36),--78
	(22014078,'V','Asistencia','2013/02/08',3,37),--79
	(22014079,'V','Asistencia','2014/03/10',1,38),--80
	(22014080,'V','Asistencia','2015/04/11',2,39),--81
	(22014081,'V','Asistencia','2016/05/12',3,40),--82
	(22014082,'V','Asistencia','2017/06/13',4,41);--83

-- INSERT DIARIO

insert into diario(D_cod,D_descripcion,D_fec_inicio,D_fecha_fin,FK_empleado) values 
	(001,'Oferta en chupetas Rimbombin - 65% de descuento', '2018/06/22','2018/07/12',22014000),
	(002,'Oferta en chupetas de corazón - 49% de descuento', '2018/06/22','2018/07/12',22014000),
	(003,'Oferta en algodón de azúcar - 85% de descuento', '2018/06/22','2018/07/12',22014000),	
	(004,'Oferta en caramelos Ricura - 2 bolsas por el precio de 1', '2018/06/22','2018/07/12',22014000),
	(005,'Oferta en caramelos choco candy - 25% de descuento', '2018/06/22','2018/07/12',22014000);

-- INSERT TIPO CARAMELO

insert into TIPO_CARAMELO(c_cod,c_nombre,c_descripcion,FK_producto) values
	(001,'Normal','',7),
	(002,'Macizo','',2),
	(003,'Con chicle', '',6),
	(004,'Piruleta','',4),
	(005,'Bombón','',3),
	(006,'Gelatina','',6),
	(007,'Algodón de azúcar','',5),
	(008,'Con chocolate','',10),
	(009,'De fruta','',2),
	(010,'De regaliz','',8),
	(011,'Sin azúcar','',1),
	(012,'Picantes','',4),
	(013,'Ácidos','',10),
	(014,'Con colorante','',4);

-- INSERT DE USUARIO

insert into usuario(u_username,u_password,created_at,fk_usuario_tienda) values
	-- Usuarios
	('AcevedoManriquez','123456','2018/06/22',1),
	('AcostaCanto','123456','2018/06/22',1),
	('AguilarDorantes','123456','2018/06/22',2),
	('AlarconLicona','123456','2018/06/22',2),
	('AlatristePerez','123456','2018/06/22',3),
	('AlcantarCamacho','123456','2018/06/22',3),
	('AlcoverdeMartinez','123456','2018/06/22',4),
	('AlderetePorras','123456','2018/06/22',4),
	('AlejoGuerrero','123456','2018/06/22',5),
	('AlemanMundo','123456','2018/06/22',5),
	('AlmogabarSantos','123456','2018/06/22',6),
	('AlonsoIbarra','123456','2018/06/22',6),
	('AlonsoNavarro','123456','2018/06/22',7),
	('AltamiranoGarcia','123456','2018/06/22',7),
	('AlvaradoBarbosa','123456','2018/06/22',8),
	('alvarezMartinez','123456','2018/06/22',8),
	('AmayaSalvador','123456','2018/06/22',9),
	('AndradeBujanda','123456','2018/06/22',9),
	('AnguloGarfias','123456','2018/06/22',10),
	('AntemateChigo','123456','2018/06/22',10),
	('AntonioPalomeque','123456','2018/06/22',11),
	('AnzuresValladares','123456','2018/06/22',11),
	('AquilesVillasenor','123456','2018/06/22',12),
	('AragonJimenez','123456','2018/06/22',12),
	('ArbeaPerez','123456','2018/06/22',13),
	('ArgumosaLopez','123456','2018/06/22',13),
	('AriasRodriguez','123456','2018/06/22',14),
	('ArmentaRomero','123456','2018/06/22',14),
	('ArnaudVinas','123456','2018/06/22',15),
	('ArredondoOvalle','123456','2018/06/22',15),
	('ArreolaAmante','123456','2018/06/22',16),
	('ArreygueArreygue','123456','2018/06/22',16),
	('ArronaParedes','123456','2018/06/22',17),
	('AscencioLopez','123456','2018/06/22',17),
	('AvalosMendoza','123456','2018/06/22',18),
	('AvendanoNunez','123456','2018/06/22',18),
	('AvianedaChavez','123456','2018/06/22',19),
	('avilaBecerril','123456','2018/06/22',19),
	('AyalaJimenez','123456','2018/06/22',20),
	('AyalaQuijano','123456','2018/06/22',20),
	('BacabPech','123456','2018/06/22',21),
	('BaezChavez','123456','2018/06/22',21),
	('BalderasFlores','123456','2018/06/22',22),
	('BallesterosGonzalez','123456','2018/06/22',22),
	('BallesterosGutierrez','123456','2018/06/22',23),
	('BaltazarCedeno','123456','2018/06/22',23),
	('BaltazarCedeno2','123456','2018/06/22',24),
	('BandaJimenez','123456','2018/06/22',24),
	('BanderasRocha','123456','2018/06/22',25),
	('BarrazaUribe','123456','2018/06/22',25),
	('BarretoLopez','123456','2018/06/22',26),
	('BasalduaRamirez','123456','2018/06/22',26),
	('BautistaEncina','123456','2018/06/22',27),
	('BautistaMejia','123456','2018/06/22',27),
	('BautistaVazquez','123456','2018/06/22',28),
	('BenitezFerrusquia','123456','2018/06/22',28),
	('BermudezManrique','123456','2018/06/22',29),
	('BermudezManrique2','123456','2018/06/22',29),
	('BernalRosales','123456','2018/06/22',30),
	('BetancourtVazquez','123456','2018/06/22',30),
	('BetanzosTorres','123456','2018/06/22',31),
	('BlancoVelasco','123456','2018/06/22',31),
	('BremermannBorraz','123456','2018/06/22',32),
	('BrisenoArias','123456','2018/06/22',32),
	('BuenfilDiaz','123456','2018/06/22',33),
	('BurgueteGarcia','123456','2018/06/22',33),
	('BustamanteGuerrero','123456','2018/06/22',34),
	('CaballeroGreen','123456','2018/06/22',34),
	('CadenaPalacios','123456','2018/06/22',35),
	('CalvilloCarrasco','123456','2018/06/22',35),
	('CamachoCardenas','123456','2018/06/22',36),
	('CamachoPerez','123456','2018/06/22',36),
	('CamaraContreras','123456','2018/06/22',37),
	('CamarilloPalafox','123456','2018/06/22',37),
	('CamposCampos','123456','2018/06/22',38),
	('CamposSaito','123456','2018/06/22',38),
	('CancinoPerez','123456','2018/06/22',39),
	('CanoFigueroa','123456','2018/06/22',39),
	('CansecoSosa','123456','2018/06/22',40),
	('CantoyaHerrejon','123456','2018/06/22',40),
	('CardenasCornejo','123456','2018/06/22',41),
	('CardenasGomez','123456','2018/06/22',41),

	-- Empleados

	('22014000','123456','2008/11/25',1),
	('22014001','123456','2009/05/21',2),
	('22014002','123456','2010/03/08',3),
	('22014003','123456','2011/01/11',4),
	('22014004','123456','2012/03/07',5),
	('22014005','123456','2013/01/21',6),
	('22014006','123456','2014/02/01',7),
	('22014007','123456','2015/03/18',8),
	('22014008','123456','2005/02/21',9),
	('22014009','123456','2015/08/16',10),
	('22014010','123456','2013/04/10',11),
	('22014011','123456','2009/07/11',12),
	('22014012','123456','2014/03/03',13),
	('22014013','123456','2015/08/16',14),
	('22014014','123456','2012/01/03',15),
	('22014015','123456','2012/01/03',16),
	('22014016','123456','2011/01/03',17),
	('22014017','123456','2017/01/05',18),
	('22014018','123456','2016/03/16',19),
	('22014019','123456','2015/05/15',20),
	('22014020','123456','2013/03/13',21),
	('22014021','123456','2018/08/22',22),
	('22014022','123456','2018/04/05',23),
	('22014023','123456','2010/07/07',24),
	('22014024','123456','2016/03/16',25),
	('22014025','123456','2011/01/11',26),
	('22014026','123456','2017/02/16',27),
	('22014027','123456','2018/03/15',28),
	('22014028','123456','2013/05/10',29),
	('22014029','123456','2011/05/12',30),
	('22014030','123456','2006/02/12',31),
	('22014031','123456','2007/07/04',32),
	('22014032','123456','2009/09/09',33),
	('22014033','123456','2003/03/12',34),
	('22014034','123456','2003/03/12',35),
	('22014035','123456','2005/05/15',36),
	('22014036','123456','2006/06/16',37),
	('22014037','123456','2007/08/16',38),
	('22014038','123456','2010/06/16',39),
	('22014039','123456','2013/06/13',40),
	('22014040','123456','2012/02/13',41);

